Workbook

Sheet BEDFILE
A1: GENE | B1: SNP | C1: PESO | D1: T2D | E1: CARDIO | F1: VITA | G1: SPORT | H1: AGING | I1: MAMMA | J1: PLUS | L1: PLUS | M1: PESO | N1: T2D | O1: CARDIO | P1: VITA | Q1: SPORT | R1: AGING | S1: MAMMA
A2: MTHFR | B2: rs1801131 | C2: =VLOOKUP(B2,'RISCHIO PESO 3.0'!B:B,1,FALSE()) -> #N/A | D2: =VLOOKUP(B2,'RISCHIO T2D 3.0'!B:B,1,FALSE()) -> #N/A | E2: =VLOOKUP(B2,'RISCHIO CARDIO 3.0'!B:B,1,FALSE()) -> #N/A | F2: =VLOOKUP(B2,'RISCHIO VITA 3.0'!C:C,1,FALSE()) -> #N/A | G2: =VLOOKUP(B2,'RISCHIO SPORT'!B:B,1,FALSE()) -> #N/A | H2: =VLOOKUP(B2,'RISCHIO AGING '!B:B,1,FALSE()) -> #N/A | I2: =VLOOKUP(B2,'RISCHIO MAMMA'!B:B,1,FALSE()) -> #N/A | J2: =VLOOKUP(B2,'RIS PLUS3.0'!B:B,1,FALSE()) -> #N/A | O2: rs1801131 | P2: rs1801131
A3: MTHFR | B3: rs1801133 | C3: =VLOOKUP(B3,'RISCHIO PESO 3.0'!B:B,1,FALSE()) -> #N/A | D3: =VLOOKUP(B3,'RISCHIO T2D 3.0'!B:B,1,FALSE()) -> #N/A | E3: =VLOOKUP(B3,'RISCHIO CARDIO 3.0'!B:B,1,FALSE()) -> #N/A | F3: =VLOOKUP(B3,'RISCHIO VITA 3.0'!C:C,1,FALSE()) -> #N/A | G3: =VLOOKUP(B3,'RISCHIO SPORT'!B:B,1,FALSE()) -> #N/A | H3: =VLOOKUP(B3,'RISCHIO AGING '!B:B,1,FALSE()) -> #N/A | I3: =VLOOKUP(B3,'RISCHIO MAMMA'!B:B,1,FALSE()) -> #N/A | J3: =VLOOKUP(B3,'RIS PLUS3.0'!B:B,1,FALSE()) -> #N/A | O3: rs1801133 | P3: rs1801133
A4: CLCNKA | B4: rs848307 | C4: =VLOOKUP(B4,'RISCHIO PESO 3.0'!B:B,1,FALSE()) -> #N/A | D4: =VLOOKUP(B4,'RISCHIO T2D 3.0'!B:B,1,FALSE()) -> #N/A | E4: =VLOOKUP(B4,'RISCHIO CARDIO 3.0'!B:B,1,FALSE()) -> #N/A | F4: =VLOOKUP(B4,'RISCHIO VITA 3.0'!C:C,1,FALSE()) -> #N/A | G4: =VLOOKUP(B4,'RISCHIO SPORT'!B:B,1,FALSE()) -> #N/A | H4: =VLOOKUP(B4,'RISCHIO AGING '!B:B,1,FALSE()) -> #N/A | I4: =VLOOKUP(B4,'RISCHIO MAMMA'!B:B,1,FALSE()) -> #N/A | J4: =VLOOKUP(B4,'RIS PLUS3.0'!B:B,1,FALSE()) -> #N/A | S4: rs848307
A5: CLCNKA | B5: rs1739843 | C5: =VLOOKUP(B5,'RISCHIO PESO 3.0'!B:B,1,FALSE()) -> #N/A | D5: =VLOOKUP(B5,'RISCHIO T2D 3.0'!B:B,1,FALSE()) -> #N/A | E5: =VLOOKUP(B5,'RISCHIO CARDIO 3.0'!B:B,1,FALSE()) -> #N/A | F5: =VLOOKUP(B5,'RISCHIO VITA 3.0'!C:C,1,FALSE()) -> #N/A | G5: =VLOOKUP(B5,'RISCHIO SPORT'!B:B,1,FALSE()) -> #N/A | H5: =VLOOKUP(B5,'RISCHIO AGING '!B:B,1,FALSE()) -> #N/A | I5: =VLOOKUP(B5,'RISCHIO MAMMA'!B:B,1,FALSE()) -> #N/A | J5: =VLOOKUP(B5,'RIS PLUS3.0'!B:B,1,FALSE()) -> #N/A | S5: rs1739843
A6: CLCNKA | B6: rs1010069 | C6: =VLOOKUP(B6,'RISCHIO PESO 3.0'!B:B,1,FALSE()) -> #N/A | D6: =VLOOKUP(B6,'RISCHIO T2D 3.0'!B:B,1,FALSE()) -> #N/A | E6: =VLOOKUP(B6,'RISCHIO CARDIO 3.0'!B:B,1,FALSE()) -> #N/A | F6: =VLOOKUP(B6,'RISCHIO VITA 3.0'!C:C,1,FALSE()) -> #N/A | G6: =VLOOKUP(B6,'RISCHIO SPORT'!B:B,1,FALSE()) -> #N/A | H6: =VLOOKUP(B6,'RISCHIO AGING '!B:B,1,FALSE()) -> #N/A | I6: =VLOOKUP(B6,'RISCHIO MAMMA'!B:B,1,FALSE()) -> #N/A | J6: =VLOOKUP(B6,'RIS PLUS3.0'!B:B,1,FALSE()) -> #N/A | S6: rs1010069
A7: ALPL | B7: rs4654748 | C7: =VLOOKUP(B7,'RISCHIO PESO 3.0'!B:B,1,FALSE()) -> #N/A | D7: =VLOOKUP(B7,'RISCHIO T2D 3.0'!B:B,1,FALSE()) -> #N/A | E7: =VLOOKUP(B7,'RISCHIO CARDIO 3.0'!B:B,1,FALSE()) -> #N/A | F7: =VLOOKUP(B7,'RISCHIO VITA 3.0'!C:C,1,FALSE()) -> #N/A | G7: =VLOOKUP(B7,'RISCHIO SPORT'!B:B,1,FALSE()) -> #N/A | H7: =VLOOKUP(B7,'RISCHIO AGING '!B:B,1,FALSE()) -> #N/A | I7: =VLOOKUP(B7,'RISCHIO MAMMA'!B:B,1,FALSE()) -> rs4654748 | J7: =VLOOKUP(B7,'RIS PLUS3.0'!B:B,1,FALSE()) -> #N/A | S7: rs4654748
A8: ALPL | B8: rs1256335 | C8: =VLOOKUP(B8,'RISCHIO PESO 3.0'!B:B,1,FALSE()) -> #N/A | D8: =VLOOKUP(B8,'RISCHIO T2D 3.0'!B:B,1,FALSE()) -> #N/A | E8: =VLOOKUP(B8,'RISCHIO CARDIO 3.0'!B:B,1,FALSE()) -> #N/A | F8: =VLOOKUP(B8,'RISCHIO VITA 3.0'!C:C,1,FALSE()) -> #N/A | G8: =VLOOKUP(B8,'RISCHIO SPORT'!B:B,1,FALSE()) -> #N/A | H8: =VLOOKUP(B8,'RISCHIO AGING '!B:B,1,FALSE()) -> #N/A | I8: =VLOOKUP(B8,'RISCHIO MAMMA'!B:B,1,FALSE()) -> rs1256335 | J8: =VLOOKUP(B8,'RIS PLUS3.0'!B:B,1,FALSE()) -> #N/A | S8: rs1256335
A9: SLC30A2 | B9: rs35623192 | C9: =VLOOKUP(B9,'RISCHIO PESO 3.0'!B:B,1,FALSE()) -> #N/A | D9: =VLOOKUP(B9,'RISCHIO T2D 3.0'!B:B,1,FALSE()) -> #N/A | E9: =VLOOKUP(B9,'RISCHIO CARDIO 3.0'!B:B,1,FALSE()) -> #N/A | F9: =VLOOKUP(B9,'RISCHIO VITA 3.0'!C:C,1,FALSE()) -> #N/A | G9: =VLOOKUP(B9,'RISCHIO SPORT'!B:B,1,FALSE()) -> #N/A | H9: =VLOOKUP(B9,'RISCHIO AGING '!B:B,1,FALSE()) -> #N/A | I9: =VLOOKUP(B9,'RISCHIO MAMMA'!B:B,1,FALSE()) -> rs35623192 | J9: =VLOOKUP(B9,'RIS PLUS3.0'!B:B,1,FALSE()) -> #N/A | S9: rs35623192
A10: SLC30A2 | B10: rs35235055 | C10: =VLOOKUP(B10,'RISCHIO PESO 3.0'!B:B,1,FALSE()) -> #N/A | D10: =VLOOKUP(B10,'RISCHIO T2D 3.0'!B:B,1,FALSE()) -> #N/A | E10: =VLOOKUP(B10,'RISCHIO CARDIO 3.0'!B:B,1,FALSE()) -> #N/A | F10: =VLOOKUP(B10,'RISCHIO VITA 3.0'!C:C,1,FALSE()) -> #N/A | G10: =VLOOKUP(B10,'RISCHIO SPORT'!B:B,1,FALSE()) -> #N/A | H10: =VLOOKUP(B10,'RISCHIO AGING '!B:B,1,FALSE()) -> #N/A | I10: =VLOOKUP(B10,'RISCHIO MAMMA'!B:B,1,FALSE()) -> rs35235055 | J10: =VLOOKUP(B10,'RIS PLUS3.0'!B:B,1,FALSE()) -> #N/A | S10: rs35235055
A11: PCSK9 | B11: rs11591147 | C11: =VLOOKUP(B11,'RISCHIO PESO 3.0'!B:B,1,FALSE()) -> #N/A | D11: =VLOOKUP(B11,'RISCHIO T2D 3.0'!B:B,1,FALSE()) -> #N/A | E11: =VLOOKUP(B11,'RISCHIO CARDIO 3.0'!B:B,1,FALSE()) -> #N/A | F11: =VLOOKUP(B11,'RISCHIO VITA 3.0'!C:C,1,FALSE()) -> #N/A | G11: =VLOOKUP(B11,'RISCHIO SPORT'!B:B,1,FALSE()) -> #N/A | H11: =VLOOKUP(B11,'RISCHIO AGING '!B:B,1,FALSE()) -> #N/A | I11: =VLOOKUP(B11,'RISCHIO MAMMA'!B:B,1,FALSE()) -> #N/A | J11: =VLOOKUP(B11,'RIS PLUS3.0'!B:B,1,FALSE()) -> #N/A
A12: LEPR | B12: rs11208659 | C12: =VLOOKUP(B12,'RISCHIO PESO 3.0'!B:B,1,FALSE()) -> rs11208659 | D12: =VLOOKUP(B12,'RISCHIO T2D 3.0'!B:B,1,FALSE()) -> #N/A | E12: =VLOOKUP(B12,'RISCHIO CARDIO 3.0'!B:B,1,FALSE()) -> #N/A | F12: =VLOOKUP(B12,'RISCHIO VITA 3.0'!C:C,1,FALSE()) -> #N/A | G12: =VLOOKUP(B12,'RISCHIO SPORT'!B:B,1,FALSE()) -> #N/A | H12: =VLOOKUP(B12,'RISCHIO AGING '!B:B,1,FALSE()) -> #N/A | I12: =VLOOKUP(B12,'RISCHIO MAMMA'!B:B,1,FALSE()) -> #N/A | J12: =VLOOKUP(B12,'RIS PLUS3.0'!B:B,1,FALSE()) -> #N/A | M12: rs11208659
A13: MCT1 | B13: rs1049434 | C13: =VLOOKUP(B13,'RISCHIO PESO 3.0'!B:B,1,FALSE()) -> #N/A | D13: =VLOOKUP(B13,'RISCHIO T2D 3.0'!B:B,1,FALSE()) -> #N/A | E13: =VLOOKUP(B13,'RISCHIO CARDIO 3.0'!B:B,1,FALSE()) -> #N/A | F13: =VLOOKUP(B13,'RISCHIO VITA 3.0'!C:C,1,FALSE()) -> #N/A | G13: =VLOOKUP(B13,'RISCHIO SPORT'!B:B,1,FALSE()) -> rs1049434 | H13: =VLOOKUP(B13,'RISCHIO AGING '!B:B,1,FALSE()) -> #N/A | I13: =VLOOKUP(B13,'RISCHIO MAMMA'!B:B,1,FALSE()) -> #N/A | J13: =VLOOKUP(B13,'RIS PLUS3.0'!B:B,1,FALSE()) -> #N/A | Q13: rs1049434
A14: TUFT1 | B14: rs2337360 | C14: =VLOOKUP(B14,'RISCHIO PESO 3.0'!B:B,1,FALSE()) -> #N/A | D14: =VLOOKUP(B14,'RISCHIO T2D 3.0'!B:B,1,FALSE()) -> #N/A | E14: =VLOOKUP(B14,'RISCHIO CARDIO 3.0'!B:B,1,FALSE()) -> #N/A | F14: =VLOOKUP(B14,'RISCHIO VITA 3.0'!C:C,1,FALSE()) -> #N/A | G14: =VLOOKUP(B14,'RISCHIO SPORT'!B:B,1,FALSE()) -> #N/A | H14: =VLOOKUP(B14,'RISCHIO AGING '!B:B,1,FALSE()) -> #N/A | I14: =VLOOKUP(B14,'RISCHIO MAMMA'!B:B,1,FALSE()) -> #N/A | J14: =VLOOKUP(B14,'RIS PLUS3.0'!B:B,1,FALSE()) -> #N/A
A15: CRP | B15: rs1205 | C15: =VLOOKUP(B15,'RISCHIO PESO 3.0'!B:B,1,FALSE()) -> #N/A | D15: =VLOOKUP(B15,'RISCHIO T2D 3.0'!B:B,1,FALSE()) -> #N/A | E15: =VLOOKUP(B15,'RISCHIO CARDIO 3.0'!B:B,1,FALSE()) -> #N/A | F15: =VLOOKUP(B15,'RISCHIO VITA 3.0'!C:C,1,FALSE()) -> #N/A | G15: =VLOOKUP(B15,'RISCHIO SPORT'!B:B,1,FALSE()) -> #N/A | H15: =VLOOKUP(B15,'RISCHIO AGING '!B:B,1,FALSE()) -> rs1205 | I15: =VLOOKUP(B15,'RISCHIO MAMMA'!B:B,1,FALSE()) -> #N/A | J15: =VLOOKUP(B15,'RIS PLUS3.0'!B:B,1,FALSE()) -> #N/A | R15: rs1205
A16: APOA2 | B16: rs5082 | C16: =VLOOKUP(B16,'RISCHIO PESO 3.0'!B:B,1,FALSE()) -> rs5082 | D16: =VLOOKUP(B16,'RISCHIO T2D 3.0'!B:B,1,FALSE()) -> #N/A | E16: =VLOOKUP(B16,'RISCHIO CARDIO 3.0'!B:B,1,FALSE()) -> #N/A | F16: =VLOOKUP(B16,'RISCHIO VITA 3.0'!C:C,1,FALSE()) -> #N/A | G16: =VLOOKUP(B16,'RISCHIO SPORT'!B:B,1,FALSE()) -> #N/A | H16: =VLOOKUP(B16,'RISCHIO AGING '!B:B,1,FALSE()) -> #N/A | I16: =VLOOKUP(B16,'RISCHIO MAMMA'!B:B,1,FALSE()) -> #N/A | J16: =VLOOKUP(B16,'RIS PLUS3.0'!B:B,1,FALSE()) -> #N/A | M16: rs5082
A17: AGT | B17: rs699 | C17: =VLOOKUP(B17,'RISCHIO PESO 3.0'!B:B,1,FALSE()) -> #N/A | D17: =VLOOKUP(B17,'RISCHIO T2D 3.0'!B:B,1,FALSE()) -> #N/A | E17: =VLOOKUP(B17,'RISCHIO CARDIO 3.0'!B:B,1,FALSE()) -> #N/A | F17: =VLOOKUP(B17,'RISCHIO VITA 3.0'!C:C,1,FALSE()) -> #N/A | G17: =VLOOKUP(B17,'RISCHIO SPORT'!B:B,1,FALSE()) -> #N/A | H17: =VLOOKUP(B17,'RISCHIO AGING '!B:B,1,FALSE()) -> #N/A | I17: =VLOOKUP(B17,'RISCHIO MAMMA'!B:B,1,FALSE()) -> #N/A | J17: =VLOOKUP(B17,'RIS PLUS3.0'!B:B,1,FALSE()) -> #N/A | S17: rs699
A18: AGT | B18: rs5051 | C18: =VLOOKUP(B18,'RISCHIO PESO 3.0'!B:B,1,FALSE()) -> #N/A | D18: =VLOOKUP(B18,'RISCHIO T2D 3.0'!B:B,1,FALSE()) -> #N/A | E18: =VLOOKUP(B18,'RISCHIO CARDIO 3.0'!B:B,1,FALSE()) -> #N/A | F18: =VLOOKUP(B18,'RISCHIO VITA 3.0'!C:C,1,FALSE()) -> #N/A | G18: =VLOOKUP(B18,'RISCHIO SPORT'!B:B,1,FALSE()) -> #N/A | H18: =VLOOKUP(B18,'RISCHIO AGING '!B:B,1,FALSE()) -> #N/A | I18: =VLOOKUP(B18,'RISCHIO MAMMA'!B:B,1,FALSE()) -> rs5051 | J18: =VLOOKUP(B18,'RIS PLUS3.0'!B:B,1,FALSE()) -> #N/A | S18: rs5051
A19: AGT | B19: rs5050 | C19: =VLOOKUP(B19,'RISCHIO PESO 3.0'!B:B,1,FALSE()) -> #N/A | D19: =VLOOKUP(B19,'RISCHIO T2D 3.0'!B:B,1,FALSE()) -> #N/A | E19: =VLOOKUP(B19,'RISCHIO CARDIO 3.0'!B:B,1,FALSE()) -> #N/A | F19: =VLOOKUP(B19,'RISCHIO VITA 3.0'!C:C,1,FALSE()) -> #N/A | G19: =VLOOKUP(B19,'RISCHIO SPORT'!B:B,1,FALSE()) -> #N/A | H19: =VLOOKUP(B19,'RISCHIO AGING '!B:B,1,FALSE()) -> #N/A | I19: =VLOOKUP(B19,'RISCHIO MAMMA'!B:B,1,FALSE()) -> rs5050 | J19: =VLOOKUP(B19,'RIS PLUS3.0'!B:B,1,FALSE()) -> #N/A | S19: rs5050
A20: AGT | B20: rs11568020 | C20: =VLOOKUP(B20,'RISCHIO PESO 3.0'!B:B,1,FALSE()) -> #N/A | D20: =VLOOKUP(B20,'RISCHIO T2D 3.0'!B:B,1,FALSE()) -> #N/A | E20: =VLOOKUP(B20,'RISCHIO CARDIO 3.0'!B:B,1,FALSE()) -> #N/A | F20: =VLOOKUP(B20,'RISCHIO VITA 3.0'!C:C,1,FALSE()) -> #N/A | G20: =VLOOKUP(B20,'RISCHIO SPORT'!B:B,1,FALSE()) -> #N/A | H20: =VLOOKUP(B20,'RISCHIO AGING '!B:B,1,FALSE()) -> #N/A | I20: =VLOOKUP(B20,'RISCHIO MAMMA'!B:B,1,FALSE()) -> rs11568020 | J20: =VLOOKUP(B20,'RIS PLUS3.0'!B:B,1,FALSE()) -> #N/A | S20: rs11568020
A21: TMEM18 | B21: rs6548238 | C21: =VLOOKUP(B21,'RISCHIO PESO 3.0'!B:B,1,FALSE()) -> rs6548238 | D21: =VLOOKUP(B21,'RISCHIO T2D 3.0'!B:B,1,FALSE()) -> #N/A | E21: =VLOOKUP(B21,'RISCHIO CARDIO 3.0'!B:B,1,FALSE()) -> #N/A | F21: =VLOOKUP(B21,'RISCHIO VITA 3.0'!C:C,1,FALSE()) -> #N/A | G21: =VLOOKUP(B21,'RISCHIO SPORT'!B:B,1,FALSE()) -> #N/A | H21: =VLOOKUP(B21,'RISCHIO AGING '!B:B,1,FALSE()) -> #N/A | I21: =VLOOKUP(B21,'RISCHIO MAMMA'!B:B,1,FALSE()) -> #N/A | J21: =VLOOKUP(B21,'RIS PLUS3.0'!B:B,1,FALSE()) -> #N/A | M21: rs6548238
A22: GCKR | B22: rs780094 | C22: =VLOOKUP(B22,'RISCHIO PESO 3.0'!B:B,1,FALSE()) -> #N/A | D22: =VLOOKUP(B22,'RISCHIO T2D 3.0'!B:B,1,FALSE()) -> rs780094 | E22: =VLOOKUP(B22,'RISCHIO CARDIO 3.0'!B:B,1,FALSE()) -> #N/A | F22: =VLOOKUP(B22,'RISCHIO VITA 3.0'!C:C,1,FALSE()) -> #N/A | G22: =VLOOKUP(B22,'RISCHIO SPORT'!B:B,1,FALSE()) -> #N/A | H22: =VLOOKUP(B22,'RISCHIO AGING '!B:B,1,FALSE()) -> #N/A | I22: =VLOOKUP(B22,'RISCHIO MAMMA'!B:B,1,FALSE()) -> #N/A | J22: =VLOOKUP(B22,'RIS PLUS3.0'!B:B,1,FALSE()) -> #N/A | N22: rs780094 | O22: rs780094
A23: IL1B | B23: rs1143634 | C23: =VLOOKUP(B23,'RISCHIO PESO 3.0'!B:B,1,FALSE()) -> #N/A | D23: =VLOOKUP(B23,'RISCHIO T2D 3.0'!B:B,1,FALSE()) -> #N/A | E23: =VLOOKUP(B23,'RISCHIO CARDIO 3.0'!B:B,1,FALSE()) -> #N/A | F23: =VLOOKUP(B23,'RISCHIO VITA 3.0'!C:C,1,FALSE()) -> #N/A | G23: =VLOOKUP(B23,'RISCHIO SPORT'!B:B,1,FALSE()) -> #N/A | H23: =VLOOKUP(B23,'RISCHIO AGING '!B:B,1,FALSE()) -> rs1143634 | I23: =VLOOKUP(B23,'RISCHIO MAMMA'!B:B,1,FALSE()) -> #N/A | J23: =VLOOKUP(B23,'RIS PLUS3.0'!B:B,1,FALSE()) -> #N/A | R23: rs1143634
A24: IL1B | B24: rs1143633 | C24: =VLOOKUP(B24,'RISCHIO PESO 3.0'!B:B,1,FALSE()) -> #N/A | D24: =VLOOKUP(B24,'RISCHIO T2D 3.0'!B:B,1,FALSE()) -> #N/A | E24: =VLOOKUP(B24,'RISCHIO CARDIO 3.0'!B:B,1,FALSE()) -> #N/A | F24: =VLOOKUP(B24,'RISCHIO VITA 3.0'!C:C,1,FALSE()) -> #N/A | G24: =VLOOKUP(B24,'RISCHIO SPORT'!B:B,1,FALSE()) -> #N/A | H24: =VLOOKUP(B24,'RISCHIO AGING '!B:B,1,FALSE()) -> rs1143633 | I24: =VLOOKUP(B24,'RISCHIO MAMMA'!B:B,1,FALSE()) -> #N/A | J24: =VLOOKUP(B24,'RIS PLUS3.0'!B:B,1,FALSE()) -> #N/A | R24: rs1143633
A25: IL1B | B25: rs16944 | C25: =VLOOKUP(B25,'RISCHIO PESO 3.0'!B:B,1,FALSE()) -> #N/A | D25: =VLOOKUP(B25,'RISCHIO T2D 3.0'!B:B,1,FALSE()) -> #N/A | E25: =VLOOKUP(B25,'RISCHIO CARDIO 3.0'!B:B,1,FALSE()) -> #N/A | F25: =VLOOKUP(B25,'RISCHIO VITA 3.0'!C:C,1,FALSE()) -> #N/A | G25: =VLOOKUP(B25,'RISCHIO SPORT'!B:B,1,FALSE()) -> #N/A | H25: =VLOOKUP(B25,'RISCHIO AGING '!B:B,1,FALSE()) -> rs16944 | I25: =VLOOKUP(B25,'RISCHIO MAMMA'!B:B,1,FALSE()) -> #N/A | J25: =VLOOKUP(B25,'RIS PLUS3.0'!B:B,1,FALSE()) -> #N/A | R25: rs16944
A26: LCT | B26: rs4988235 | C26: =VLOOKUP(B26,'RISCHIO PESO 3.0'!B:B,1,FALSE()) -> #N/A | D26: =VLOOKUP(B26,'RISCHIO T2D 3.0'!B:B,1,FALSE()) -> #N/A | E26: =VLOOKUP(B26,'RISCHIO CARDIO 3.0'!B:B,1,FALSE()) -> #N/A | F26: =VLOOKUP(B26,'RISCHIO VITA 3.0'!C:C,1,FALSE()) -> #N/A | G26: =VLOOKUP(B26,'RISCHIO SPORT'!B:B,1,FALSE()) -> #N/A | H26: =VLOOKUP(B26,'RISCHIO AGING '!B:B,1,FALSE()) -> #N/A | I26: =VLOOKUP(B26,'RISCHIO MAMMA'!B:B,1,FALSE()) -> #N/A | J26: =VLOOKUP(B26,'RIS PLUS3.0'!B:B,1,FALSE()) -> #N/A | L26: rs4988235
A27: LCT | B27: rs182549 | C27: =VLOOKUP(B27,'RISCHIO PESO 3.0'!B:B,1,FALSE()) -> #N/A | D27: =VLOOKUP(B27,'RISCHIO T2D 3.0'!B:B,1,FALSE()) -> #N/A | E27: =VLOOKUP(B27,'RISCHIO CARDIO 3.0'!B:B,1,FALSE()) -> #N/A | F27: =VLOOKUP(B27,'RISCHIO VITA 3.0'!C:C,1,FALSE()) -> #N/A | G27: =VLOOKUP(B27,'RISCHIO SPORT'!B:B,1,FALSE()) -> #N/A | H27: =VLOOKUP(B27,'RISCHIO AGING '!B:B,1,FALSE()) -> #N/A | I27: =VLOOKUP(B27,'RISCHIO MAMMA'!B:B,1,FALSE()) -> #N/A | J27: =VLOOKUP(B27,'RIS PLUS3.0'!B:B,1,FALSE()) -> #N/A
A28: PPARG | B28: rs1801282 | C28: =VLOOKUP(B28,'RISCHIO PESO 3.0'!B:B,1,FALSE()) -> rs1801282 | D28: =VLOOKUP(B28,'RISCHIO T2D 3.0'!B:B,1,FALSE()) -> rs1801282 | E28: =VLOOKUP(B28,'RISCHIO CARDIO 3.0'!B:B,1,FALSE()) -> #N/A | F28: =VLOOKUP(B28,'RISCHIO VITA 3.0'!C:C,1,FALSE()) -> #N/A | G28: =VLOOKUP(B28,'RISCHIO SPORT'!B:B,1,FALSE()) -> #N/A | H28: =VLOOKUP(B28,'RISCHIO AGING '!B:B,1,FALSE()) -> #N/A | I28: =VLOOKUP(B28,'RISCHIO MAMMA'!B:B,1,FALSE()) -> #N/A | J28: =VLOOKUP(B28,'RIS PLUS3.0'!B:B,1,FALSE()) -> #N/A | M28: rs1801282 | N28: rs1801282 | O28: rs1801282
A29: GPX1 | B29: rs1050450 | C29: =VLOOKUP(B29,'RISCHIO PESO 3.0'!B:B,1,FALSE()) -> #N/A | D29: =VLOOKUP(B29,'RISCHIO T2D 3.0'!B:B,1,FALSE()) -> #N/A | E29: =VLOOKUP(B29,'RISCHIO CARDIO 3.0'!B:B,1,FALSE()) -> #N/A | F29: =VLOOKUP(B29,'RISCHIO VITA 3.0'!C:C,1,FALSE()) -> #N/A | G29: =VLOOKUP(B29,'RISCHIO SPORT'!B:B,1,FALSE()) -> #N/A | H29: =VLOOKUP(B29,'RISCHIO AGING '!B:B,1,FALSE()) -> rs1050450 | I29: =VLOOKUP(B29,'RISCHIO MAMMA'!B:B,1,FALSE()) -> #N/A | J29: =VLOOKUP(B29,'RIS PLUS3.0'!B:B,1,FALSE()) -> #N/A | R29: rs1050450
A30: SLC2A2 | B30: rs5400 | C30: =VLOOKUP(B30,'RISCHIO PESO 3.0'!B:B,1,FALSE()) -> #N/A | D30: =VLOOKUP(B30,'RISCHIO T2D 3.0'!B:B,1,FALSE()) -> rs5400 | E30: =VLOOKUP(B30,'RISCHIO CARDIO 3.0'!B:B,1,FALSE()) -> #N/A | F30: =VLOOKUP(B30,'RISCHIO VITA 3.0'!C:C,1,FALSE()) -> #N/A | G30: =VLOOKUP(B30,'RISCHIO SPORT'!B:B,1,FALSE()) -> #N/A | H30: =VLOOKUP(B30,'RISCHIO AGING '!B:B,1,FALSE()) -> #N/A | I30: =VLOOKUP(B30,'RISCHIO MAMMA'!B:B,1,FALSE()) -> #N/A | J30: =VLOOKUP(B30,'RIS PLUS3.0'!B:B,1,FALSE()) -> #N/A
A31: ADIPOQ | B31: rs17300539 | C31: =VLOOKUP(B31,'RISCHIO PESO 3.0'!B:B,1,FALSE()) -> rs17300539 | D31: =VLOOKUP(B31,'RISCHIO T2D 3.0'!B:B,1,FALSE()) -> rs17300539 | E31: =VLOOKUP(B31,'RISCHIO CARDIO 3.0'!B:B,1,FALSE()) -> #N/A | F31: =VLOOKUP(B31,'RISCHIO VITA 3.0'!C:C,1,FALSE()) -> #N/A | G31: =VLOOKUP(B31,'RISCHIO SPORT'!B:B,1,FALSE()) -> #N/A | H31: =VLOOKUP(B31,'RISCHIO AGING '!B:B,1,FALSE()) -> #N/A | I31: =VLOOKUP(B31,'RISCHIO MAMMA'!B:B,1,FALSE()) -> #N/A | J31: =VLOOKUP(B31,'RIS PLUS3.0'!B:B,1,FALSE()) -> #N/A | M31: rs17300539 | N31: rs17300539 | O31: rs17300539
A32: ADD1 | B32: rs4961 | C32: =VLOOKUP(B32,'RISCHIO PESO 3.0'!B:B,1,FALSE()) -> #N/A | D32: =VLOOKUP(B32,'RISCHIO T2D 3.0'!B:B,1,FALSE()) -> #N/A | E32: =VLOOKUP(B32,'RISCHIO CARDIO 3.0'!B:B,1,FALSE()) -> #N/A | F32: =VLOOKUP(B32,'RISCHIO VITA 3.0'!C:C,1,FALSE()) -> #N/A | G32: =VLOOKUP(B32,'RISCHIO SPORT'!B:B,1,FALSE()) -> #N/A | H32: =VLOOKUP(B32,'RISCHIO AGING '!B:B,1,FALSE()) -> #N/A | I32: =VLOOKUP(B32,'RISCHIO MAMMA'!B:B,1,FALSE()) -> #N/A | J32: =VLOOKUP(B32,'RIS PLUS3.0'!B:B,1,FALSE()) -> #N/A | S32: rs4961
A33: SOD3 | B33: rs13306703 | C33: =VLOOKUP(B33,'RISCHIO PESO 3.0'!B:B,1,FALSE()) -> #N/A | D33: =VLOOKUP(B33,'RISCHIO T2D 3.0'!B:B,1,FALSE()) -> #N/A | E33: =VLOOKUP(B33,'RISCHIO CARDIO 3.0'!B:B,1,FALSE()) -> #N/A | F33: =VLOOKUP(B33,'RISCHIO VITA 3.0'!C:C,1,FALSE()) -> #N/A | G33: =VLOOKUP(B33,'RISCHIO SPORT'!B:B,1,FALSE()) -> #N/A | H33: =VLOOKUP(B33,'RISCHIO AGING '!B:B,1,FALSE()) -> rs13306703 | I33: =VLOOKUP(B33,'RISCHIO MAMMA'!B:B,1,FALSE()) -> #N/A | J33: =VLOOKUP(B33,'RIS PLUS3.0'!B:B,1,FALSE()) -> #N/A | R33: rs13306703
A34: SOD3 | B34: rs699473 | C34: =VLOOKUP(B34,'RISCHIO PESO 3.0'!B:B,1,FALSE()) -> #N/A | D34: =VLOOKUP(B34,'RISCHIO T2D 3.0'!B:B,1,FALSE()) -> #N/A | E34: =VLOOKUP(B34,'RISCHIO CARDIO 3.0'!B:B,1,FALSE()) -> #N/A | F34: =VLOOKUP(B34,'RISCHIO VITA 3.0'!C:C,1,FALSE()) -> #N/A | G34: =VLOOKUP(B34,'RISCHIO SPORT'!B:B,1,FALSE()) -> #N/A | H34: =VLOOKUP(B34,'RISCHIO AGING '!B:B,1,FALSE()) -> rs699473 | I34: =VLOOKUP(B34,'RISCHIO MAMMA'!B:B,1,FALSE()) -> #N/A | J34: =VLOOKUP(B34,'RIS PLUS3.0'!B:B,1,FALSE()) -> #N/A | R34: rs699473
A35: SOD3 | B35: rs2536512 | C35: =VLOOKUP(B35,'RISCHIO PESO 3.0'!B:B,1,FALSE()) -> #N/A | D35: =VLOOKUP(B35,'RISCHIO T2D 3.0'!B:B,1,FALSE()) -> #N/A | E35: =VLOOKUP(B35,'RISCHIO CARDIO 3.0'!B:B,1,FALSE()) -> #N/A | F35: =VLOOKUP(B35,'RISCHIO VITA 3.0'!C:C,1,FALSE()) -> #N/A | G35: =VLOOKUP(B35,'RISCHIO SPORT'!B:B,1,FALSE()) -> #N/A | H35: =VLOOKUP(B35,'RISCHIO AGING '!B:B,1,FALSE()) -> rs2536512 | I35: =VLOOKUP(B35,'RISCHIO MAMMA'!B:B,1,FALSE()) -> #N/A | J35: =VLOOKUP(B35,'RIS PLUS3.0'!B:B,1,FALSE()) -> #N/A | R35: rs2536512
A36: SOD3 | B36: rs1799895 | C36: =VLOOKUP(B36,'RISCHIO PESO 3.0'!B:B,1,FALSE()) -> #N/A | D36: =VLOOKUP(B36,'RISCHIO T2D 3.0'!B:B,1,FALSE()) -> #N/A | E36: =VLOOKUP(B36,'RISCHIO CARDIO 3.0'!B:B,1,FALSE()) -> #N/A | F36: =VLOOKUP(B36,'RISCHIO VITA 3.0'!C:C,1,FALSE()) -> #N/A | G36: =VLOOKUP(B36,'RISCHIO SPORT'!B:B,1,FALSE()) -> #N/A | H36: =VLOOKUP(B36,'RISCHIO AGING '!B:B,1,FALSE()) -> rs1799895 | I36: =VLOOKUP(B36,'RISCHIO MAMMA'!B:B,1,FALSE()) -> #N/A | J36: =VLOOKUP(B36,'RIS PLUS3.0'!B:B,1,FALSE()) -> #N/A | R36: rs1799895
A37: GNPDA2 | B37: rs10938397 | C37: =VLOOKUP(B37,'RISCHIO PESO 3.0'!B:B,1,FALSE()) -> rs10938397 | D37: =VLOOKUP(B37,'RISCHIO T2D 3.0'!B:B,1,FALSE()) -> #N/A | E37: =VLOOKUP(B37,'RISCHIO CARDIO 3.0'!B:B,1,FALSE()) -> #N/A | F37: =VLOOKUP(B37,'RISCHIO VITA 3.0'!C:C,1,FALSE()) -> #N/A | G37: =VLOOKUP(B37,'RISCHIO SPORT'!B:B,1,FALSE()) -> #N/A | H37: =VLOOKUP(B37,'RISCHIO AGING '!B:B,1,FALSE()) -> #N/A | I37: =VLOOKUP(B37,'RISCHIO MAMMA'!B:B,1,FALSE()) -> #N/A | J37: =VLOOKUP(B37,'RIS PLUS3.0'!B:B,1,FALSE()) -> #N/A | M37: rs10938397
A38: AMBN | B38: rs4694075 | C38: =VLOOKUP(B38,'RISCHIO PESO 3.0'!B:B,1,FALSE()) -> #N/A | D38: =VLOOKUP(B38,'RISCHIO T2D 3.0'!B:B,1,FALSE()) -> #N/A | E38: =VLOOKUP(B38,'RISCHIO CARDIO 3.0'!B:B,1,FALSE()) -> #N/A | F38: =VLOOKUP(B38,'RISCHIO VITA 3.0'!C:C,1,FALSE()) -> #N/A | G38: =VLOOKUP(B38,'RISCHIO SPORT'!B:B,1,FALSE()) -> #N/A | H38: =VLOOKUP(B38,'RISCHIO AGING '!B:B,1,FALSE()) -> #N/A | I38: =VLOOKUP(B38,'RISCHIO MAMMA'!B:B,1,FALSE()) -> #N/A | J38: =VLOOKUP(B38,'RIS PLUS3.0'!B:B,1,FALSE()) -> #N/A
A39: AMBN | B39: rs34538475 | C39: =VLOOKUP(B39,'RISCHIO PESO 3.0'!B:B,1,FALSE()) -> #N/A | D39: =VLOOKUP(B39,'RISCHIO T2D 3.0'!B:B,1,FALSE()) -> #N/A | E39: =VLOOKUP(B39,'RISCHIO CARDIO 3.0'!B:B,1,FALSE()) -> #N/A | F39: =VLOOKUP(B39,'RISCHIO VITA 3.0'!C:C,1,FALSE()) -> #N/A | G39: =VLOOKUP(B39,'RISCHIO SPORT'!B:B,1,FALSE()) -> #N/A | H39: =VLOOKUP(B39,'RISCHIO AGING '!B:B,1,FALSE()) -> #N/A | I39: =VLOOKUP(B39,'RISCHIO MAMMA'!B:B,1,FALSE()) -> #N/A | J39: =VLOOKUP(B39,'RIS PLUS3.0'!B:B,1,FALSE()) -> #N/A
A40: GC | B40: rs4588 | C40: =VLOOKUP(B40,'RISCHIO PESO 3.0'!B:B,1,FALSE()) -> #N/A | D40: =VLOOKUP(B40,'RISCHIO T2D 3.0'!B:B,1,FALSE()) -> #N/A | E40: =VLOOKUP(B40,'RISCHIO CARDIO 3.0'!B:B,1,FALSE()) -> #N/A | F40: =VLOOKUP(B40,'RISCHIO VITA 3.0'!C:C,1,FALSE()) -> #N/A | G40: =VLOOKUP(B40,'RISCHIO SPORT'!B:B,1,FALSE()) -> #N/A | H40: =VLOOKUP(B40,'RISCHIO AGING '!B:B,1,FALSE()) -> #N/A | I40: =VLOOKUP(B40,'RISCHIO MAMMA'!B:B,1,FALSE()) -> #N/A | J40: =VLOOKUP(B40,'RIS PLUS3.0'!B:B,1,FALSE()) -> #N/A
A41: GC | B41: rs7041 | C41: =VLOOKUP(B41,'RISCHIO PESO 3.0'!B:B,1,FALSE()) -> #N/A | D41: =VLOOKUP(B41,'RISCHIO T2D 3.0'!B:B,1,FALSE()) -> #N/A | E41: =VLOOKUP(B41,'RISCHIO CARDIO 3.0'!B:B,1,FALSE()) -> #N/A | F41: =VLOOKUP(B41,'RISCHIO VITA 3.0'!C:C,1,FALSE()) -> #N/A | G41: =VLOOKUP(B41,'RISCHIO SPORT'!B:B,1,FALSE()) -> #N/A | H41: =VLOOKUP(B41,'RISCHIO AGING '!B:B,1,FALSE()) -> #N/A | I41: =VLOOKUP(B41,'RISCHIO MAMMA'!B:B,1,FALSE()) -> #N/A | J41: =VLOOKUP(B41,'RIS PLUS3.0'!B:B,1,FALSE()) -> #N/A
A42: GC | B42: rs1155563 | C42: =VLOOKUP(B42,'RISCHIO PESO 3.0'!B:B,1,FALSE()) -> #N/A | D42: =VLOOKUP(B42,'RISCHIO T2D 3.0'!B:B,1,FALSE()) -> #N/A | E42: =VLOOKUP(B42,'RISCHIO CARDIO 3.0'!B:B,1,FALSE()) -> #N/A | F42: =VLOOKUP(B42,'RISCHIO VITA 3.0'!C:C,1,FALSE()) -> rs1155563 | G42: =VLOOKUP(B42,'RISCHIO SPORT'!B:B,1,FALSE()) -> #N/A | H42: =VLOOKUP(B42,'RISCHIO AGING '!B:B,1,FALSE()) -> #N/A | I42: =VLOOKUP(B42,'RISCHIO MAMMA'!B:B,1,FALSE()) -> #N/A | J42: =VLOOKUP(B42,'RIS PLUS3.0'!B:B,1,FALSE()) -> #N/A | P42: rs1155563
A43: FABP2 | B43: rs1799883 | C43: =VLOOKUP(B43,'RISCHIO PESO 3.0'!B:B,1,FALSE()) -> rs1799883 | D43: =VLOOKUP(B43,'RISCHIO T2D 3.0'!B:B,1,FALSE()) -> rs1799883 | E43: =VLOOKUP(B43,'RISCHIO CARDIO 3.0'!B:B,1,FALSE()) -> #N/A | F43: =VLOOKUP(B43,'RISCHIO VITA 3.0'!C:C,1,FALSE()) -> #N/A | G43: =VLOOKUP(B43,'RISCHIO SPORT'!B:B,1,FALSE()) -> #N/A | H43: =VLOOKUP(B43,'RISCHIO AGING '!B:B,1,FALSE()) -> #N/A | I43: =VLOOKUP(B43,'RISCHIO MAMMA'!B:B,1,FALSE()) -> #N/A | J43: =VLOOKUP(B43,'RIS PLUS3.0'!B:B,1,FALSE()) -> #N/A | M43: rs1799883 | N43: rs1799883 | O43: rs1799883
A44: HFE | B44: rs1799945 | C44: =VLOOKUP(B44,'RISCHIO PESO 3.0'!B:B,1,FALSE()) -> #N/A | D44: =VLOOKUP(B44,'RISCHIO T2D 3.0'!B:B,1,FALSE()) -> #N/A | E44: =VLOOKUP(B44,'RISCHIO CARDIO 3.0'!B:B,1,FALSE()) -> #N/A | F44: =VLOOKUP(B44,'RISCHIO VITA 3.0'!C:C,1,FALSE()) -> #N/A | G44: =VLOOKUP(B44,'RISCHIO SPORT'!B:B,1,FALSE()) -> #N/A | H44: =VLOOKUP(B44,'RISCHIO AGING '!B:B,1,FALSE()) -> #N/A | I44: =VLOOKUP(B44,'RISCHIO MAMMA'!B:B,1,FALSE()) -> #N/A | J44: =VLOOKUP(B44,'RIS PLUS3.0'!B:B,1,FALSE()) -> #N/A | P44: rs1799945
A45: HFE | B45: rs1800562 | C45: =VLOOKUP(B45,'RISCHIO PESO 3.0'!B:B,1,FALSE()) -> #N/A | D45: =VLOOKUP(B45,'RISCHIO T2D 3.0'!B:B,1,FALSE()) -> #N/A | E45: =VLOOKUP(B45,'RISCHIO CARDIO 3.0'!B:B,1,FALSE()) -> #N/A | F45: =VLOOKUP(B45,'RISCHIO VITA 3.0'!C:C,1,FALSE()) -> #N/A | G45: =VLOOKUP(B45,'RISCHIO SPORT'!B:B,1,FALSE()) -> #N/A | H45: =VLOOKUP(B45,'RISCHIO AGING '!B:B,1,FALSE()) -> #N/A | I45: =VLOOKUP(B45,'RISCHIO MAMMA'!B:B,1,FALSE()) -> #N/A | J45: =VLOOKUP(B45,'RIS PLUS3.0'!B:B,1,FALSE()) -> #N/A | P45: rs1800562
A46: COL12A1 | B46: rs970547 | C46: =VLOOKUP(B46,'RISCHIO PESO 3.0'!B:B,1,FALSE()) -> #N/A | D46: =VLOOKUP(B46,'RISCHIO T2D 3.0'!B:B,1,FALSE()) -> #N/A | E46: =VLOOKUP(B46,'RISCHIO CARDIO 3.0'!B:B,1,FALSE()) -> #N/A | F46: =VLOOKUP(B46,'RISCHIO VITA 3.0'!C:C,1,FALSE()) -> #N/A | G46: =VLOOKUP(B46,'RISCHIO SPORT'!B:B,1,FALSE()) -> rs970547 | H46: =VLOOKUP(B46,'RISCHIO AGING '!B:B,1,FALSE()) -> #N/A | I46: =VLOOKUP(B46,'RISCHIO MAMMA'!B:B,1,FALSE()) -> #N/A | J46: =VLOOKUP(B46,'RIS PLUS3.0'!B:B,1,FALSE()) -> #N/A | Q46: rs970547
A47: ESR1 | B47: rs2234693 | C47: =VLOOKUP(B47,'RISCHIO PESO 3.0'!B:B,1,FALSE()) -> #N/A | D47: =VLOOKUP(B47,'RISCHIO T2D 3.0'!B:B,1,FALSE()) -> #N/A | E47: =VLOOKUP(B47,'RISCHIO CARDIO 3.0'!B:B,1,FALSE()) -> #N/A | F47: =VLOOKUP(B47,'RISCHIO VITA 3.0'!C:C,1,FALSE()) -> #N/A | G47: =VLOOKUP(B47,'RISCHIO SPORT'!B:B,1,FALSE()) -> rs2234693 | H47: =VLOOKUP(B47,'RISCHIO AGING '!B:B,1,FALSE()) -> #N/A | I47: =VLOOKUP(B47,'RISCHIO MAMMA'!B:B,1,FALSE()) -> #N/A | J47: =VLOOKUP(B47,'RIS PLUS3.0'!B:B,1,FALSE()) -> #N/A | Q47: rs2234693
A48: SOD2 | B48: rs1141718 | C48: =VLOOKUP(B48,'RISCHIO PESO 3.0'!B:B,1,FALSE()) -> #N/A | D48: =VLOOKUP(B48,'RISCHIO T2D 3.0'!B:B,1,FALSE()) -> #N/A | E48: =VLOOKUP(B48,'RISCHIO CARDIO 3.0'!B:B,1,FALSE()) -> #N/A | F48: =VLOOKUP(B48,'RISCHIO VITA 3.0'!C:C,1,FALSE()) -> #N/A | G48: =VLOOKUP(B48,'RISCHIO SPORT'!B:B,1,FALSE()) -> #N/A | H48: =VLOOKUP(B48,'RISCHIO AGING '!B:B,1,FALSE()) -> rs1141718 | I48: =VLOOKUP(B48,'RISCHIO MAMMA'!B:B,1,FALSE()) -> #N/A | J48: =VLOOKUP(B48,'RIS PLUS3.0'!B:B,1,FALSE()) -> #N/A | R48: rs1141718
A49: SOD2 | B49: rs4880 | C49: =VLOOKUP(B49,'RISCHIO PESO 3.0'!B:B,1,FALSE()) -> #N/A | D49: =VLOOKUP(B49,'RISCHIO T2D 3.0'!B:B,1,FALSE()) -> #N/A | E49: =VLOOKUP(B49,'RISCHIO CARDIO 3.0'!B:B,1,FALSE()) -> #N/A | F49: =VLOOKUP(B49,'RISCHIO VITA 3.0'!C:C,1,FALSE()) -> #N/A | G49: =VLOOKUP(B49,'RISCHIO SPORT'!B:B,1,FALSE()) -> #N/A | H49: =VLOOKUP(B49,'RISCHIO AGING '!B:B,1,FALSE()) -> rs4880 | I49: =VLOOKUP(B49,'RISCHIO MAMMA'!B:B,1,FALSE()) -> #N/A | J49: =VLOOKUP(B49,'RIS PLUS3.0'!B:B,1,FALSE()) -> #N/A | R49: rs4880
A50: IL6 | B50: rs1800796 | C50: =VLOOKUP(B50,'RISCHIO PESO 3.0'!B:B,1,FALSE()) -> #N/A | D50: =VLOOKUP(B50,'RISCHIO T2D 3.0'!B:B,1,FALSE()) -> #N/A | E50: =VLOOKUP(B50,'RISCHIO CARDIO 3.0'!B:B,1,FALSE()) -> #N/A | F50: =VLOOKUP(B50,'RISCHIO VITA 3.0'!C:C,1,FALSE()) -> #N/A | G50: =VLOOKUP(B50,'RISCHIO SPORT'!B:B,1,FALSE()) -> #N/A | H50: =VLOOKUP(B50,'RISCHIO AGING '!B:B,1,FALSE()) -> rs1800796 | I50: =VLOOKUP(B50,'RISCHIO MAMMA'!B:B,1,FALSE()) -> #N/A | J50: =VLOOKUP(B50,'RIS PLUS3.0'!B:B,1,FALSE()) -> #N/A | R50: rs1800796
A51: GCK | B51: rs1799884 | C51: =VLOOKUP(B51,'RISCHIO PESO 3.0'!B:B,1,FALSE()) -> #N/A | D51: =VLOOKUP(B51,'RISCHIO T2D 3.0'!B:B,1,FALSE()) -> rs1799884 | E51: =VLOOKUP(B51,'RISCHIO CARDIO 3.0'!B:B,1,FALSE()) -> #N/A | F51: =VLOOKUP(B51,'RISCHIO VITA 3.0'!C:C,1,FALSE()) -> #N/A | G51: =VLOOKUP(B51,'RISCHIO SPORT'!B:B,1,FALSE()) -> #N/A | H51: =VLOOKUP(B51,'RISCHIO AGING '!B:B,1,FALSE()) -> #N/A | I51: =VLOOKUP(B51,'RISCHIO MAMMA'!B:B,1,FALSE()) -> #N/A | J51: =VLOOKUP(B51,'RIS PLUS3.0'!B:B,1,FALSE()) -> #N/A | N51: rs1799884
A52: Leptin | B52: rs7799039 | C52: =VLOOKUP(B52,'RISCHIO PESO 3.0'!B:B,1,FALSE()) -> rs7799039 | D52: =VLOOKUP(B52,'RISCHIO T2D 3.0'!B:B,1,FALSE()) -> #N/A | E52: =VLOOKUP(B52,'RISCHIO CARDIO 3.0'!B:B,1,FALSE()) -> #N/A | F52: =VLOOKUP(B52,'RISCHIO VITA 3.0'!C:C,1,FALSE()) -> #N/A | G52: =VLOOKUP(B52,'RISCHIO SPORT'!B:B,1,FALSE()) -> #N/A | H52: =VLOOKUP(B52,'RISCHIO AGING '!B:B,1,FALSE()) -> #N/A | I52: =VLOOKUP(B52,'RISCHIO MAMMA'!B:B,1,FALSE()) -> #N/A | J52: =VLOOKUP(B52,'RIS PLUS3.0'!B:B,1,FALSE()) -> #N/A | M52: rs7799039
A53: NOS3 | B53: rs2070744 | C53: =VLOOKUP(B53,'RISCHIO PESO 3.0'!B:B,1,FALSE()) -> #N/A | D53: =VLOOKUP(B53,'RISCHIO T2D 3.0'!B:B,1,FALSE()) -> #N/A | E53: =VLOOKUP(B53,'RISCHIO CARDIO 3.0'!B:B,1,FALSE()) -> #N/A | F53: =VLOOKUP(B53,'RISCHIO VITA 3.0'!C:C,1,FALSE()) -> #N/A | G53: =VLOOKUP(B53,'RISCHIO SPORT'!B:B,1,FALSE()) -> rs2070744 | H53: =VLOOKUP(B53,'RISCHIO AGING '!B:B,1,FALSE()) -> #N/A | I53: =VLOOKUP(B53,'RISCHIO MAMMA'!B:B,1,FALSE()) -> #N/A | J53: =VLOOKUP(B53,'RIS PLUS3.0'!B:B,1,FALSE()) -> #N/A | Q53: rs2070744
A54: NOS3 | B54: rs1799983 | C54: =VLOOKUP(B54,'RISCHIO PESO 3.0'!B:B,1,FALSE()) -> #N/A | D54: =VLOOKUP(B54,'RISCHIO T2D 3.0'!B:B,1,FALSE()) -> #N/A | E54: =VLOOKUP(B54,'RISCHIO CARDIO 3.0'!B:B,1,FALSE()) -> #N/A | F54: =VLOOKUP(B54,'RISCHIO VITA 3.0'!C:C,1,FALSE()) -> #N/A | G54: =VLOOKUP(B54,'RISCHIO SPORT'!B:B,1,FALSE()) -> rs1799983 | H54: =VLOOKUP(B54,'RISCHIO AGING '!B:B,1,FALSE()) -> #N/A | I54: =VLOOKUP(B54,'RISCHIO MAMMA'!B:B,1,FALSE()) -> #N/A | J54: =VLOOKUP(B54,'RIS PLUS3.0'!B:B,1,FALSE()) -> #N/A | Q54: rs1799983
A55: LPL | B55: rs328 | C55: =VLOOKUP(B55,'RISCHIO PESO 3.0'!B:B,1,FALSE()) -> #N/A | D55: =VLOOKUP(B55,'RISCHIO T2D 3.0'!B:B,1,FALSE()) -> #N/A | E55: =VLOOKUP(B55,'RISCHIO CARDIO 3.0'!B:B,1,FALSE()) -> #N/A | F55: =VLOOKUP(B55,'RISCHIO VITA 3.0'!C:C,1,FALSE()) -> #N/A | G55: =VLOOKUP(B55,'RISCHIO SPORT'!B:B,1,FALSE()) -> #N/A | H55: =VLOOKUP(B55,'RISCHIO AGING '!B:B,1,FALSE()) -> #N/A | I55: =VLOOKUP(B55,'RISCHIO MAMMA'!B:B,1,FALSE()) -> #N/A | J55: =VLOOKUP(B55,'RIS PLUS3.0'!B:B,1,FALSE()) -> #N/A
A56: CA1 | B56: rs1532423 | C56: =VLOOKUP(B56,'RISCHIO PESO 3.0'!B:B,1,FALSE()) -> #N/A | D56: =VLOOKUP(B56,'RISCHIO T2D 3.0'!B:B,1,FALSE()) -> #N/A | E56: =VLOOKUP(B56,'RISCHIO CARDIO 3.0'!B:B,1,FALSE()) -> #N/A | F56: =VLOOKUP(B56,'RISCHIO VITA 3.0'!C:C,1,FALSE()) -> #N/A | G56: =VLOOKUP(B56,'RISCHIO SPORT'!B:B,1,FALSE()) -> #N/A | H56: =VLOOKUP(B56,'RISCHIO AGING '!B:B,1,FALSE()) -> #N/A | I56: =VLOOKUP(B56,'RISCHIO MAMMA'!B:B,1,FALSE()) -> rs1532423 | J56: =VLOOKUP(B56,'RIS PLUS3.0'!B:B,1,FALSE()) -> #N/A | S56: rs1532423
A57: SLC30A8 | B57: rs13266634 | C57: =VLOOKUP(B57,'RISCHIO PESO 3.0'!B:B,1,FALSE()) -> #N/A | D57: =VLOOKUP(B57,'RISCHIO T2D 3.0'!B:B,1,FALSE()) -> rs13266634 | E57: =VLOOKUP(B57,'RISCHIO CARDIO 3.0'!B:B,1,FALSE()) -> #N/A | F57: =VLOOKUP(B57,'RISCHIO VITA 3.0'!C:C,1,FALSE()) -> #N/A | G57: =VLOOKUP(B57,'RISCHIO SPORT'!B:B,1,FALSE()) -> #N/A | H57: =VLOOKUP(B57,'RISCHIO AGING '!B:B,1,FALSE()) -> #N/A | I57: =VLOOKUP(B57,'RISCHIO MAMMA'!B:B,1,FALSE()) -> #N/A | J57: =VLOOKUP(B57,'RIS PLUS3.0'!B:B,1,FALSE()) -> #N/A | N57: rs13266634
A58: AQUAPORIN3 | B58: rs17553719 | C58: =VLOOKUP(B58,'RISCHIO PESO 3.0'!B:B,1,FALSE()) -> #N/A | D58: =VLOOKUP(B58,'RISCHIO T2D 3.0'!B:B,1,FALSE()) -> #N/A | E58: =VLOOKUP(B58,'RISCHIO CARDIO 3.0'!B:B,1,FALSE()) -> #N/A | F58: =VLOOKUP(B58,'RISCHIO VITA 3.0'!C:C,1,FALSE()) -> #N/A | G58: =VLOOKUP(B58,'RISCHIO SPORT'!B:B,1,FALSE()) -> #N/A | H58: =VLOOKUP(B58,'RISCHIO AGING '!B:B,1,FALSE()) -> rs17553719 | I58: =VLOOKUP(B58,'RISCHIO MAMMA'!B:B,1,FALSE()) -> #N/A | J58: =VLOOKUP(B58,'RIS PLUS3.0'!B:B,1,FALSE()) -> #N/A | R58: rs17553719
A59: ALDOB | B59: rs76917243 | C59: =VLOOKUP(B59,'RISCHIO PESO 3.0'!B:B,1,FALSE()) -> #N/A | D59: =VLOOKUP(B59,'RISCHIO T2D 3.0'!B:B,1,FALSE()) -> #N/A | E59: =VLOOKUP(B59,'RISCHIO CARDIO 3.0'!B:B,1,FALSE()) -> #N/A | F59: =VLOOKUP(B59,'RISCHIO VITA 3.0'!C:C,1,FALSE()) -> #N/A | G59: =VLOOKUP(B59,'RISCHIO SPORT'!B:B,1,FALSE()) -> #N/A | H59: =VLOOKUP(B59,'RISCHIO AGING '!B:B,1,FALSE()) -> #N/A | I59: =VLOOKUP(B59,'RISCHIO MAMMA'!B:B,1,FALSE()) -> #N/A | J59: =VLOOKUP(B59,'RIS PLUS3.0'!B:B,1,FALSE()) -> #N/A | L59: rs76917243
A60: ALDOB | B60: rs1800546 | C60: =VLOOKUP(B60,'RISCHIO PESO 3.0'!B:B,1,FALSE()) -> #N/A | D60: =VLOOKUP(B60,'RISCHIO T2D 3.0'!B:B,1,FALSE()) -> #N/A | E60: =VLOOKUP(B60,'RISCHIO CARDIO 3.0'!B:B,1,FALSE()) -> #N/A | F60: =VLOOKUP(B60,'RISCHIO VITA 3.0'!C:C,1,FALSE()) -> #N/A | G60: =VLOOKUP(B60,'RISCHIO SPORT'!B:B,1,FALSE()) -> #N/A | H60: =VLOOKUP(B60,'RISCHIO AGING '!B:B,1,FALSE()) -> #N/A | I60: =VLOOKUP(B60,'RISCHIO MAMMA'!B:B,1,FALSE()) -> #N/A | J60: =VLOOKUP(B60,'RIS PLUS3.0'!B:B,1,FALSE()) -> #N/A | L60: rs1800546
A61: COL27A1 | B61: rs946053 | C61: =VLOOKUP(B61,'RISCHIO PESO 3.0'!B:B,1,FALSE()) -> #N/A | D61: =VLOOKUP(B61,'RISCHIO T2D 3.0'!B:B,1,FALSE()) -> #N/A | E61: =VLOOKUP(B61,'RISCHIO CARDIO 3.0'!B:B,1,FALSE()) -> #N/A | F61: =VLOOKUP(B61,'RISCHIO VITA 3.0'!C:C,1,FALSE()) -> #N/A | G61: =VLOOKUP(B61,'RISCHIO SPORT'!B:B,1,FALSE()) -> #N/A | H61: =VLOOKUP(B61,'RISCHIO AGING '!B:B,1,FALSE()) -> #N/A | I61: =VLOOKUP(B61,'RISCHIO MAMMA'!B:B,1,FALSE()) -> #N/A | J61: =VLOOKUP(B61,'RIS PLUS3.0'!B:B,1,FALSE()) -> #N/A | Q61: rs946053
A62: TNC | B62: rs13321 | C62: =VLOOKUP(B62,'RISCHIO PESO 3.0'!B:B,1,FALSE()) -> #N/A | D62: =VLOOKUP(B62,'RISCHIO T2D 3.0'!B:B,1,FALSE()) -> #N/A | E62: =VLOOKUP(B62,'RISCHIO CARDIO 3.0'!B:B,1,FALSE()) -> #N/A | F62: =VLOOKUP(B62,'RISCHIO VITA 3.0'!C:C,1,FALSE()) -> #N/A | G62: =VLOOKUP(B62,'RISCHIO SPORT'!B:B,1,FALSE()) -> #N/A | H62: =VLOOKUP(B62,'RISCHIO AGING '!B:B,1,FALSE()) -> #N/A | I62: =VLOOKUP(B62,'RISCHIO MAMMA'!B:B,1,FALSE()) -> #N/A | J62: =VLOOKUP(B62,'RIS PLUS3.0'!B:B,1,FALSE()) -> #N/A
A63: TNC | B63: rs2104772 | C63: =VLOOKUP(B63,'RISCHIO PESO 3.0'!B:B,1,FALSE()) -> #N/A | D63: =VLOOKUP(B63,'RISCHIO T2D 3.0'!B:B,1,FALSE()) -> #N/A | E63: =VLOOKUP(B63,'RISCHIO CARDIO 3.0'!B:B,1,FALSE()) -> #N/A | F63: =VLOOKUP(B63,'RISCHIO VITA 3.0'!C:C,1,FALSE()) -> #N/A | G63: =VLOOKUP(B63,'RISCHIO SPORT'!B:B,1,FALSE()) -> #N/A | H63: =VLOOKUP(B63,'RISCHIO AGING '!B:B,1,FALSE()) -> #N/A | I63: =VLOOKUP(B63,'RISCHIO MAMMA'!B:B,1,FALSE()) -> #N/A | J63: =VLOOKUP(B63,'RIS PLUS3.0'!B:B,1,FALSE()) -> #N/A | Q63: rs2104772
A64: TNC | B64: rs1330363 | C64: =VLOOKUP(B64,'RISCHIO PESO 3.0'!B:B,1,FALSE()) -> #N/A | D64: =VLOOKUP(B64,'RISCHIO T2D 3.0'!B:B,1,FALSE()) -> #N/A | E64: =VLOOKUP(B64,'RISCHIO CARDIO 3.0'!B:B,1,FALSE()) -> #N/A | F64: =VLOOKUP(B64,'RISCHIO VITA 3.0'!C:C,1,FALSE()) -> #N/A | G64: =VLOOKUP(B64,'RISCHIO SPORT'!B:B,1,FALSE()) -> rs1330363 | H64: =VLOOKUP(B64,'RISCHIO AGING '!B:B,1,FALSE()) -> #N/A | I64: =VLOOKUP(B64,'RISCHIO MAMMA'!B:B,1,FALSE()) -> #N/A | J64: =VLOOKUP(B64,'RIS PLUS3.0'!B:B,1,FALSE()) -> #N/A | Q64: rs1330363
A65: COL5A1 | B65: rs12722 | C65: =VLOOKUP(B65,'RISCHIO PESO 3.0'!B:B,1,FALSE()) -> #N/A | D65: =VLOOKUP(B65,'RISCHIO T2D 3.0'!B:B,1,FALSE()) -> #N/A | E65: =VLOOKUP(B65,'RISCHIO CARDIO 3.0'!B:B,1,FALSE()) -> #N/A | F65: =VLOOKUP(B65,'RISCHIO VITA 3.0'!C:C,1,FALSE()) -> #N/A | G65: =VLOOKUP(B65,'RISCHIO SPORT'!B:B,1,FALSE()) -> rs12722 | H65: =VLOOKUP(B65,'RISCHIO AGING '!B:B,1,FALSE()) -> #N/A | I65: =VLOOKUP(B65,'RISCHIO MAMMA'!B:B,1,FALSE()) -> #N/A | J65: =VLOOKUP(B65,'RIS PLUS3.0'!B:B,1,FALSE()) -> #N/A | Q65: rs12722
A66: TCFL2 | B66: rs7903146 | C66: =VLOOKUP(B66,'RISCHIO PESO 3.0'!B:B,1,FALSE()) -> #N/A | D66: =VLOOKUP(B66,'RISCHIO T2D 3.0'!B:B,1,FALSE()) -> rs7903146 | E66: =VLOOKUP(B66,'RISCHIO CARDIO 3.0'!B:B,1,FALSE()) -> #N/A | F66: =VLOOKUP(B66,'RISCHIO VITA 3.0'!C:C,1,FALSE()) -> #N/A | G66: =VLOOKUP(B66,'RISCHIO SPORT'!B:B,1,FALSE()) -> #N/A | H66: =VLOOKUP(B66,'RISCHIO AGING '!B:B,1,FALSE()) -> #N/A | I66: =VLOOKUP(B66,'RISCHIO MAMMA'!B:B,1,FALSE()) -> #N/A | J66: =VLOOKUP(B66,'RIS PLUS3.0'!B:B,1,FALSE()) -> #N/A | N66: rs7903146 | O66: rs7903146
A67: ADRB1 | B67: rs1801253 | C67: =VLOOKUP(B67,'RISCHIO PESO 3.0'!B:B,1,FALSE()) -> #N/A | D67: =VLOOKUP(B67,'RISCHIO T2D 3.0'!B:B,1,FALSE()) -> #N/A | E67: =VLOOKUP(B67,'RISCHIO CARDIO 3.0'!B:B,1,FALSE()) -> #N/A | F67: =VLOOKUP(B67,'RISCHIO VITA 3.0'!C:C,1,FALSE()) -> #N/A | G67: =VLOOKUP(B67,'RISCHIO SPORT'!B:B,1,FALSE()) -> #N/A | H67: =VLOOKUP(B67,'RISCHIO AGING '!B:B,1,FALSE()) -> #N/A | I67: =VLOOKUP(B67,'RISCHIO MAMMA'!B:B,1,FALSE()) -> #N/A | J67: =VLOOKUP(B67,'RIS PLUS3.0'!B:B,1,FALSE()) -> #N/A | O67: rs1801253
A68: CYP2R1 | B68: rs10741657 | C68: =VLOOKUP(B68,'RISCHIO PESO 3.0'!B:B,1,FALSE()) -> #N/A | D68: =VLOOKUP(B68,'RISCHIO T2D 3.0'!B:B,1,FALSE()) -> #N/A | E68: =VLOOKUP(B68,'RISCHIO CARDIO 3.0'!B:B,1,FALSE()) -> #N/A | F68: =VLOOKUP(B68,'RISCHIO VITA 3.0'!C:C,1,FALSE()) -> rs10741657 | G68: =VLOOKUP(B68,'RISCHIO SPORT'!B:B,1,FALSE()) -> #N/A | H68: =VLOOKUP(B68,'RISCHIO AGING '!B:B,1,FALSE()) -> #N/A | I68: =VLOOKUP(B68,'RISCHIO MAMMA'!B:B,1,FALSE()) -> #N/A | J68: =VLOOKUP(B68,'RIS PLUS3.0'!B:B,1,FALSE()) -> #N/A | P68: rs10741657
A69: BDNF | B69: rs6265 | C69: =VLOOKUP(B69,'RISCHIO PESO 3.0'!B:B,1,FALSE()) -> rs6265 | D69: =VLOOKUP(B69,'RISCHIO T2D 3.0'!B:B,1,FALSE()) -> #N/A | E69: =VLOOKUP(B69,'RISCHIO CARDIO 3.0'!B:B,1,FALSE()) -> #N/A | F69: =VLOOKUP(B69,'RISCHIO VITA 3.0'!C:C,1,FALSE()) -> #N/A | G69: =VLOOKUP(B69,'RISCHIO SPORT'!B:B,1,FALSE()) -> #N/A | H69: =VLOOKUP(B69,'RISCHIO AGING '!B:B,1,FALSE()) -> #N/A | I69: =VLOOKUP(B69,'RISCHIO MAMMA'!B:B,1,FALSE()) -> #N/A | J69: =VLOOKUP(B69,'RIS PLUS3.0'!B:B,1,FALSE()) -> #N/A | M69: rs6265
A70: CAT | B70: rs1001179 | C70: =VLOOKUP(B70,'RISCHIO PESO 3.0'!B:B,1,FALSE()) -> #N/A | D70: =VLOOKUP(B70,'RISCHIO T2D 3.0'!B:B,1,FALSE()) -> #N/A | E70: =VLOOKUP(B70,'RISCHIO CARDIO 3.0'!B:B,1,FALSE()) -> #N/A | F70: =VLOOKUP(B70,'RISCHIO VITA 3.0'!C:C,1,FALSE()) -> #N/A | G70: =VLOOKUP(B70,'RISCHIO SPORT'!B:B,1,FALSE()) -> #N/A | H70: =VLOOKUP(B70,'RISCHIO AGING '!B:B,1,FALSE()) -> rs1001179 | I70: =VLOOKUP(B70,'RISCHIO MAMMA'!B:B,1,FALSE()) -> #N/A | J70: =VLOOKUP(B70,'RIS PLUS3.0'!B:B,1,FALSE()) -> #N/A | R70: rs1001179
A71: FADS1 | B71: rs174546 | C71: =VLOOKUP(B71,'RISCHIO PESO 3.0'!B:B,1,FALSE()) -> #N/A | D71: =VLOOKUP(B71,'RISCHIO T2D 3.0'!B:B,1,FALSE()) -> #N/A | E71: =VLOOKUP(B71,'RISCHIO CARDIO 3.0'!B:B,1,FALSE()) -> #N/A | F71: =VLOOKUP(B71,'RISCHIO VITA 3.0'!C:C,1,FALSE()) -> #N/A | G71: =VLOOKUP(B71,'RISCHIO SPORT'!B:B,1,FALSE()) -> #N/A | H71: =VLOOKUP(B71,'RISCHIO AGING '!B:B,1,FALSE()) -> #N/A | I71: =VLOOKUP(B71,'RISCHIO MAMMA'!B:B,1,FALSE()) -> #N/A | J71: =VLOOKUP(B71,'RIS PLUS3.0'!B:B,1,FALSE()) -> #N/A | O71: rs174546
A72: FADS2 | B72: rs174601 | C72: =VLOOKUP(B72,'RISCHIO PESO 3.0'!B:B,1,FALSE()) -> #N/A | D72: =VLOOKUP(B72,'RISCHIO T2D 3.0'!B:B,1,FALSE()) -> #N/A | E72: =VLOOKUP(B72,'RISCHIO CARDIO 3.0'!B:B,1,FALSE()) -> #N/A | F72: =VLOOKUP(B72,'RISCHIO VITA 3.0'!C:C,1,FALSE()) -> #N/A | G72: =VLOOKUP(B72,'RISCHIO SPORT'!B:B,1,FALSE()) -> #N/A | H72: =VLOOKUP(B72,'RISCHIO AGING '!B:B,1,FALSE()) -> #N/A | I72: =VLOOKUP(B72,'RISCHIO MAMMA'!B:B,1,FALSE()) -> #N/A | J72: =VLOOKUP(B72,'RIS PLUS3.0'!B:B,1,FALSE()) -> #N/A | O72: rs174601
A73: ACTN3 | B73: rs1815739 | C73: =VLOOKUP(B73,'RISCHIO PESO 3.0'!B:B,1,FALSE()) -> #N/A | D73: =VLOOKUP(B73,'RISCHIO T2D 3.0'!B:B,1,FALSE()) -> #N/A | E73: =VLOOKUP(B73,'RISCHIO CARDIO 3.0'!B:B,1,FALSE()) -> #N/A | F73: =VLOOKUP(B73,'RISCHIO VITA 3.0'!C:C,1,FALSE()) -> #N/A | G73: =VLOOKUP(B73,'RISCHIO SPORT'!B:B,1,FALSE()) -> rs1815739 | H73: =VLOOKUP(B73,'RISCHIO AGING '!B:B,1,FALSE()) -> #N/A | I73: =VLOOKUP(B73,'RISCHIO MAMMA'!B:B,1,FALSE()) -> #N/A | J73: =VLOOKUP(B73,'RIS PLUS3.0'!B:B,1,FALSE()) -> #N/A | Q73: rs1815739
A74: LRP5 | B74: rs3736228 | C74: =VLOOKUP(B74,'RISCHIO PESO 3.0'!B:B,1,FALSE()) -> #N/A | D74: =VLOOKUP(B74,'RISCHIO T2D 3.0'!B:B,1,FALSE()) -> #N/A | E74: =VLOOKUP(B74,'RISCHIO CARDIO 3.0'!B:B,1,FALSE()) -> #N/A | F74: =VLOOKUP(B74,'RISCHIO VITA 3.0'!C:C,1,FALSE()) -> #N/A | G74: =VLOOKUP(B74,'RISCHIO SPORT'!B:B,1,FALSE()) -> rs3736228 | H74: =VLOOKUP(B74,'RISCHIO AGING '!B:B,1,FALSE()) -> #N/A | I74: =VLOOKUP(B74,'RISCHIO MAMMA'!B:B,1,FALSE()) -> #N/A | J74: =VLOOKUP(B74,'RIS PLUS3.0'!B:B,1,FALSE()) -> #N/A | Q74: rs3736228
A75: DHCR7/NADSYN1 ON FUNZIONA) | B75: rs12785878 | C75: =VLOOKUP(B75,'RISCHIO PESO 3.0'!B:B,1,FALSE()) -> #N/A | D75: =VLOOKUP(B75,'RISCHIO T2D 3.0'!B:B,1,FALSE()) -> #N/A | E75: =VLOOKUP(B75,'RISCHIO CARDIO 3.0'!B:B,1,FALSE()) -> #N/A | F75: =VLOOKUP(B75,'RISCHIO VITA 3.0'!C:C,1,FALSE()) -> #N/A | G75: =VLOOKUP(B75,'RISCHIO SPORT'!B:B,1,FALSE()) -> #N/A | H75: =VLOOKUP(B75,'RISCHIO AGING '!B:B,1,FALSE()) -> #N/A | I75: =VLOOKUP(B75,'RISCHIO MAMMA'!B:B,1,FALSE()) -> #N/A | J75: =VLOOKUP(B75,'RIS PLUS3.0'!B:B,1,FALSE()) -> #N/A
A76: MTNR1B | B76: rs10830963 | C76: =VLOOKUP(B76,'RISCHIO PESO 3.0'!B:B,1,FALSE()) -> #N/A | D76: =VLOOKUP(B76,'RISCHIO T2D 3.0'!B:B,1,FALSE()) -> rs10830963 | E76: =VLOOKUP(B76,'RISCHIO CARDIO 3.0'!B:B,1,FALSE()) -> #N/A | F76: =VLOOKUP(B76,'RISCHIO VITA 3.0'!C:C,1,FALSE()) -> #N/A | G76: =VLOOKUP(B76,'RISCHIO SPORT'!B:B,1,FALSE()) -> #N/A | H76: =VLOOKUP(B76,'RISCHIO AGING '!B:B,1,FALSE()) -> #N/A | I76: =VLOOKUP(B76,'RISCHIO MAMMA'!B:B,1,FALSE()) -> #N/A | J76: =VLOOKUP(B76,'RIS PLUS3.0'!B:B,1,FALSE()) -> #N/A | N76: rs10830963 | O76: rs10830963
A77: MMP3 | B77: rs591058 | C77: =VLOOKUP(B77,'RISCHIO PESO 3.0'!B:B,1,FALSE()) -> #N/A | D77: =VLOOKUP(B77,'RISCHIO T2D 3.0'!B:B,1,FALSE()) -> #N/A | E77: =VLOOKUP(B77,'RISCHIO CARDIO 3.0'!B:B,1,FALSE()) -> #N/A | F77: =VLOOKUP(B77,'RISCHIO VITA 3.0'!C:C,1,FALSE()) -> #N/A | G77: =VLOOKUP(B77,'RISCHIO SPORT'!B:B,1,FALSE()) -> rs591058 | H77: =VLOOKUP(B77,'RISCHIO AGING '!B:B,1,FALSE()) -> #N/A | I77: =VLOOKUP(B77,'RISCHIO MAMMA'!B:B,1,FALSE()) -> #N/A | J77: =VLOOKUP(B77,'RIS PLUS3.0'!B:B,1,FALSE()) -> #N/A | Q77: rs591058
A78: MMP3 | B78: rs679620 | C78: =VLOOKUP(B78,'RISCHIO PESO 3.0'!B:B,1,FALSE()) -> #N/A | D78: =VLOOKUP(B78,'RISCHIO T2D 3.0'!B:B,1,FALSE()) -> #N/A | E78: =VLOOKUP(B78,'RISCHIO CARDIO 3.0'!B:B,1,FALSE()) -> #N/A | F78: =VLOOKUP(B78,'RISCHIO VITA 3.0'!C:C,1,FALSE()) -> #N/A | G78: =VLOOKUP(B78,'RISCHIO SPORT'!B:B,1,FALSE()) -> rs679620 | H78: =VLOOKUP(B78,'RISCHIO AGING '!B:B,1,FALSE()) -> #N/A | I78: =VLOOKUP(B78,'RISCHIO MAMMA'!B:B,1,FALSE()) -> #N/A | J78: =VLOOKUP(B78,'RIS PLUS3.0'!B:B,1,FALSE()) -> #N/A | Q78: rs679620
A79: APOA5 | B79: rs662799 | C79: =VLOOKUP(B79,'RISCHIO PESO 3.0'!B:B,1,FALSE()) -> #N/A | D79: =VLOOKUP(B79,'RISCHIO T2D 3.0'!B:B,1,FALSE()) -> #N/A | E79: =VLOOKUP(B79,'RISCHIO CARDIO 3.0'!B:B,1,FALSE()) -> #N/A | F79: =VLOOKUP(B79,'RISCHIO VITA 3.0'!C:C,1,FALSE()) -> #N/A | G79: =VLOOKUP(B79,'RISCHIO SPORT'!B:B,1,FALSE()) -> #N/A | H79: =VLOOKUP(B79,'RISCHIO AGING '!B:B,1,FALSE()) -> #N/A | I79: =VLOOKUP(B79,'RISCHIO MAMMA'!B:B,1,FALSE()) -> #N/A | J79: =VLOOKUP(B79,'RIS PLUS3.0'!B:B,1,FALSE()) -> #N/A | O79: rs662799
A80: WNK1 | B80: rs880054 | C80: =VLOOKUP(B80,'RISCHIO PESO 3.0'!B:B,1,FALSE()) -> #N/A | D80: =VLOOKUP(B80,'RISCHIO T2D 3.0'!B:B,1,FALSE()) -> #N/A | E80: =VLOOKUP(B80,'RISCHIO CARDIO 3.0'!B:B,1,FALSE()) -> #N/A | F80: =VLOOKUP(B80,'RISCHIO VITA 3.0'!C:C,1,FALSE()) -> #N/A | G80: =VLOOKUP(B80,'RISCHIO SPORT'!B:B,1,FALSE()) -> #N/A | H80: =VLOOKUP(B80,'RISCHIO AGING '!B:B,1,FALSE()) -> #N/A | I80: =VLOOKUP(B80,'RISCHIO MAMMA'!B:B,1,FALSE()) -> rs880054 | J80: =VLOOKUP(B80,'RIS PLUS3.0'!B:B,1,FALSE()) -> #N/A
A81: NTN4 | B81: rs2367563 | C81: =VLOOKUP(B81,'RISCHIO PESO 3.0'!B:B,1,FALSE()) -> #N/A | D81: =VLOOKUP(B81,'RISCHIO T2D 3.0'!B:B,1,FALSE()) -> #N/A | E81: =VLOOKUP(B81,'RISCHIO CARDIO 3.0'!B:B,1,FALSE()) -> #N/A | F81: =VLOOKUP(B81,'RISCHIO VITA 3.0'!C:C,1,FALSE()) -> #N/A | G81: =VLOOKUP(B81,'RISCHIO SPORT'!B:B,1,FALSE()) -> #N/A | H81: =VLOOKUP(B81,'RISCHIO AGING '!B:B,1,FALSE()) -> #N/A | I81: =VLOOKUP(B81,'RISCHIO MAMMA'!B:B,1,FALSE()) -> #N/A | J81: =VLOOKUP(B81,'RIS PLUS3.0'!B:B,1,FALSE()) -> #N/A
A82: ALDH2 | B82: rs671 | C82: =VLOOKUP(B82,'RISCHIO PESO 3.0'!B:B,1,FALSE()) -> #N/A | D82: =VLOOKUP(B82,'RISCHIO T2D 3.0'!B:B,1,FALSE()) -> #N/A | E82: =VLOOKUP(B82,'RISCHIO CARDIO 3.0'!B:B,1,FALSE()) -> #N/A | F82: =VLOOKUP(B82,'RISCHIO VITA 3.0'!C:C,1,FALSE()) -> #N/A | G82: =VLOOKUP(B82,'RISCHIO SPORT'!B:B,1,FALSE()) -> #N/A | H82: =VLOOKUP(B82,'RISCHIO AGING '!B:B,1,FALSE()) -> #N/A | I82: =VLOOKUP(B82,'RISCHIO MAMMA'!B:B,1,FALSE()) -> #N/A | J82: =VLOOKUP(B82,'RIS PLUS3.0'!B:B,1,FALSE()) -> #N/A | L82: rs671
A83: MTHFD1 | B83: rs2236225 | C83: =VLOOKUP(B83,'RISCHIO PESO 3.0'!B:B,1,FALSE()) -> #N/A | D83: =VLOOKUP(B83,'RISCHIO T2D 3.0'!B:B,1,FALSE()) -> #N/A | E83: =VLOOKUP(B83,'RISCHIO CARDIO 3.0'!B:B,1,FALSE()) -> #N/A | F83: =VLOOKUP(B83,'RISCHIO VITA 3.0'!C:C,1,FALSE()) -> rs2236225 | G83: =VLOOKUP(B83,'RISCHIO SPORT'!B:B,1,FALSE()) -> #N/A | H83: =VLOOKUP(B83,'RISCHIO AGING '!B:B,1,FALSE()) -> #N/A | I83: =VLOOKUP(B83,'RISCHIO MAMMA'!B:B,1,FALSE()) -> #N/A | J83: =VLOOKUP(B83,'RIS PLUS3.0'!B:B,1,FALSE()) -> #N/A
A84: CYP1A2 | B84: rs762551 | C84: =VLOOKUP(B84,'RISCHIO PESO 3.0'!B:B,1,FALSE()) -> #N/A | D84: =VLOOKUP(B84,'RISCHIO T2D 3.0'!B:B,1,FALSE()) -> #N/A | E84: =VLOOKUP(B84,'RISCHIO CARDIO 3.0'!B:B,1,FALSE()) -> #N/A | F84: =VLOOKUP(B84,'RISCHIO VITA 3.0'!C:C,1,FALSE()) -> #N/A | G84: =VLOOKUP(B84,'RISCHIO SPORT'!B:B,1,FALSE()) -> #N/A | H84: =VLOOKUP(B84,'RISCHIO AGING '!B:B,1,FALSE()) -> #N/A | I84: =VLOOKUP(B84,'RISCHIO MAMMA'!B:B,1,FALSE()) -> #N/A | J84: =VLOOKUP(B84,'RIS PLUS3.0'!B:B,1,FALSE()) -> #N/A | L84: rs762551
A85: PPCDC | B85: rs2120019 | C85: =VLOOKUP(B85,'RISCHIO PESO 3.0'!B:B,1,FALSE()) -> #N/A | D85: =VLOOKUP(B85,'RISCHIO T2D 3.0'!B:B,1,FALSE()) -> #N/A | E85: =VLOOKUP(B85,'RISCHIO CARDIO 3.0'!B:B,1,FALSE()) -> #N/A | F85: =VLOOKUP(B85,'RISCHIO VITA 3.0'!C:C,1,FALSE()) -> #N/A | G85: =VLOOKUP(B85,'RISCHIO SPORT'!B:B,1,FALSE()) -> #N/A | H85: =VLOOKUP(B85,'RISCHIO AGING '!B:B,1,FALSE()) -> #N/A | I85: =VLOOKUP(B85,'RISCHIO MAMMA'!B:B,1,FALSE()) -> rs2120019 | J85: =VLOOKUP(B85,'RIS PLUS3.0'!B:B,1,FALSE()) -> #N/A | S85: rs2120019
A86: FTO | B86: rs1421085 | C86: =VLOOKUP(B86,'RISCHIO PESO 3.0'!B:B,1,FALSE()) -> rs1421085 | D86: =VLOOKUP(B86,'RISCHIO T2D 3.0'!B:B,1,FALSE()) -> rs1421085 | E86: =VLOOKUP(B86,'RISCHIO CARDIO 3.0'!B:B,1,FALSE()) -> #N/A | F86: =VLOOKUP(B86,'RISCHIO VITA 3.0'!C:C,1,FALSE()) -> #N/A | G86: =VLOOKUP(B86,'RISCHIO SPORT'!B:B,1,FALSE()) -> #N/A | H86: =VLOOKUP(B86,'RISCHIO AGING '!B:B,1,FALSE()) -> #N/A | I86: =VLOOKUP(B86,'RISCHIO MAMMA'!B:B,1,FALSE()) -> #N/A | J86: =VLOOKUP(B86,'RIS PLUS3.0'!B:B,1,FALSE()) -> #N/A | M86: rs1421085 | N86: rs1421085 | O86: rs1421085
A87: FTO | B87: rs1558902 | C87: =VLOOKUP(B87,'RISCHIO PESO 3.0'!B:B,1,FALSE()) -> rs1558902 | D87: =VLOOKUP(B87,'RISCHIO T2D 3.0'!B:B,1,FALSE()) -> #N/A | E87: =VLOOKUP(B87,'RISCHIO CARDIO 3.0'!B:B,1,FALSE()) -> #N/A | F87: =VLOOKUP(B87,'RISCHIO VITA 3.0'!C:C,1,FALSE()) -> #N/A | G87: =VLOOKUP(B87,'RISCHIO SPORT'!B:B,1,FALSE()) -> #N/A | H87: =VLOOKUP(B87,'RISCHIO AGING '!B:B,1,FALSE()) -> #N/A | I87: =VLOOKUP(B87,'RISCHIO MAMMA'!B:B,1,FALSE()) -> #N/A | J87: =VLOOKUP(B87,'RIS PLUS3.0'!B:B,1,FALSE()) -> #N/A | M87: rs1558902
A88: FTO | B88: rs1121980 | C88: =VLOOKUP(B88,'RISCHIO PESO 3.0'!B:B,1,FALSE()) -> rs1121980 | D88: =VLOOKUP(B88,'RISCHIO T2D 3.0'!B:B,1,FALSE()) -> #N/A | E88: =VLOOKUP(B88,'RISCHIO CARDIO 3.0'!B:B,1,FALSE()) -> #N/A | F88: =VLOOKUP(B88,'RISCHIO VITA 3.0'!C:C,1,FALSE()) -> #N/A | G88: =VLOOKUP(B88,'RISCHIO SPORT'!B:B,1,FALSE()) -> #N/A | H88: =VLOOKUP(B88,'RISCHIO AGING '!B:B,1,FALSE()) -> #N/A | I88: =VLOOKUP(B88,'RISCHIO MAMMA'!B:B,1,FALSE()) -> #N/A | J88: =VLOOKUP(B88,'RIS PLUS3.0'!B:B,1,FALSE()) -> #N/A | M88: rs1121980
A89: FTO | B89: rs8050136 | C89: =VLOOKUP(B89,'RISCHIO PESO 3.0'!B:B,1,FALSE()) -> rs8050136 | D89: =VLOOKUP(B89,'RISCHIO T2D 3.0'!B:B,1,FALSE()) -> rs8050136 | E89: =VLOOKUP(B89,'RISCHIO CARDIO 3.0'!B:B,1,FALSE()) -> #N/A | F89: =VLOOKUP(B89,'RISCHIO VITA 3.0'!C:C,1,FALSE()) -> #N/A | G89: =VLOOKUP(B89,'RISCHIO SPORT'!B:B,1,FALSE()) -> #N/A | H89: =VLOOKUP(B89,'RISCHIO AGING '!B:B,1,FALSE()) -> #N/A | I89: =VLOOKUP(B89,'RISCHIO MAMMA'!B:B,1,FALSE()) -> #N/A | J89: =VLOOKUP(B89,'RIS PLUS3.0'!B:B,1,FALSE()) -> #N/A | M89: rs8050136 | N89: rs8050136
A90: FTO | B90: rs9939609 | C90: =VLOOKUP(B90,'RISCHIO PESO 3.0'!B:B,1,FALSE()) -> rs9939609 | D90: =VLOOKUP(B90,'RISCHIO T2D 3.0'!B:B,1,FALSE()) -> rs9939609 | E90: =VLOOKUP(B90,'RISCHIO CARDIO 3.0'!B:B,1,FALSE()) -> #N/A | F90: =VLOOKUP(B90,'RISCHIO VITA 3.0'!C:C,1,FALSE()) -> #N/A | G90: =VLOOKUP(B90,'RISCHIO SPORT'!B:B,1,FALSE()) -> #N/A | H90: =VLOOKUP(B90,'RISCHIO AGING '!B:B,1,FALSE()) -> #N/A | I90: =VLOOKUP(B90,'RISCHIO MAMMA'!B:B,1,FALSE()) -> #N/A | J90: =VLOOKUP(B90,'RIS PLUS3.0'!B:B,1,FALSE()) -> #N/A | M90: rs9939609 | N90: rs9939609 | O90: rs9939609
A91: CETP | B91: rs3764261 | C91: =VLOOKUP(B91,'RISCHIO PESO 3.0'!B:B,1,FALSE()) -> #N/A | D91: =VLOOKUP(B91,'RISCHIO T2D 3.0'!B:B,1,FALSE()) -> #N/A | E91: =VLOOKUP(B91,'RISCHIO CARDIO 3.0'!B:B,1,FALSE()) -> #N/A | F91: =VLOOKUP(B91,'RISCHIO VITA 3.0'!C:C,1,FALSE()) -> #N/A | G91: =VLOOKUP(B91,'RISCHIO SPORT'!B:B,1,FALSE()) -> #N/A | H91: =VLOOKUP(B91,'RISCHIO AGING '!B:B,1,FALSE()) -> #N/A | I91: =VLOOKUP(B91,'RISCHIO MAMMA'!B:B,1,FALSE()) -> #N/A | J91: =VLOOKUP(B91,'RIS PLUS3.0'!B:B,1,FALSE()) -> #N/A | O91: rs3764261
A92: CETP | B92: rs708272 | C92: =VLOOKUP(B92,'RISCHIO PESO 3.0'!B:B,1,FALSE()) -> #N/A | D92: =VLOOKUP(B92,'RISCHIO T2D 3.0'!B:B,1,FALSE()) -> #N/A | E92: =VLOOKUP(B92,'RISCHIO CARDIO 3.0'!B:B,1,FALSE()) -> #N/A | F92: =VLOOKUP(B92,'RISCHIO VITA 3.0'!C:C,1,FALSE()) -> #N/A | G92: =VLOOKUP(B92,'RISCHIO SPORT'!B:B,1,FALSE()) -> #N/A | H92: =VLOOKUP(B92,'RISCHIO AGING '!B:B,1,FALSE()) -> #N/A | I92: =VLOOKUP(B92,'RISCHIO MAMMA'!B:B,1,FALSE()) -> #N/A | J92: =VLOOKUP(B92,'RIS PLUS3.0'!B:B,1,FALSE()) -> #N/A | O92: rs708272
A93: NQO1 | B93: rs1800566 | C93: =VLOOKUP(B93,'RISCHIO PESO 3.0'!B:B,1,FALSE()) -> #N/A | D93: =VLOOKUP(B93,'RISCHIO T2D 3.0'!B:B,1,FALSE()) -> #N/A | E93: =VLOOKUP(B93,'RISCHIO CARDIO 3.0'!B:B,1,FALSE()) -> #N/A | F93: =VLOOKUP(B93,'RISCHIO VITA 3.0'!C:C,1,FALSE()) -> #N/A | G93: =VLOOKUP(B93,'RISCHIO SPORT'!B:B,1,FALSE()) -> #N/A | H93: =VLOOKUP(B93,'RISCHIO AGING '!B:B,1,FALSE()) -> rs1800566 | I93: =VLOOKUP(B93,'RISCHIO MAMMA'!B:B,1,FALSE()) -> #N/A | J93: =VLOOKUP(B93,'RIS PLUS3.0'!B:B,1,FALSE()) -> #N/A | R93: rs1800566
A94: BCMO1 | B94: rs12934922 | C94: =VLOOKUP(B94,'RISCHIO PESO 3.0'!B:B,1,FALSE()) -> #N/A | D94: =VLOOKUP(B94,'RISCHIO T2D 3.0'!B:B,1,FALSE()) -> #N/A | E94: =VLOOKUP(B94,'RISCHIO CARDIO 3.0'!B:B,1,FALSE()) -> #N/A | F94: =VLOOKUP(B94,'RISCHIO VITA 3.0'!C:C,1,FALSE()) -> rs12934922 | G94: =VLOOKUP(B94,'RISCHIO SPORT'!B:B,1,FALSE()) -> #N/A | H94: =VLOOKUP(B94,'RISCHIO AGING '!B:B,1,FALSE()) -> #N/A | I94: =VLOOKUP(B94,'RISCHIO MAMMA'!B:B,1,FALSE()) -> #N/A | J94: =VLOOKUP(B94,'RIS PLUS3.0'!B:B,1,FALSE()) -> #N/A
A95: BCMO1 | B95: rs7501331 | C95: =VLOOKUP(B95,'RISCHIO PESO 3.0'!B:B,1,FALSE()) -> #N/A | D95: =VLOOKUP(B95,'RISCHIO T2D 3.0'!B:B,1,FALSE()) -> #N/A | E95: =VLOOKUP(B95,'RISCHIO CARDIO 3.0'!B:B,1,FALSE()) -> #N/A | F95: =VLOOKUP(B95,'RISCHIO VITA 3.0'!C:C,1,FALSE()) -> rs7501331 | G95: =VLOOKUP(B95,'RISCHIO SPORT'!B:B,1,FALSE()) -> #N/A | H95: =VLOOKUP(B95,'RISCHIO AGING '!B:B,1,FALSE()) -> #N/A | I95: =VLOOKUP(B95,'RISCHIO MAMMA'!B:B,1,FALSE()) -> #N/A | J95: =VLOOKUP(B95,'RIS PLUS3.0'!B:B,1,FALSE()) -> #N/A
A96: COL1A1 | B96: rs1800012 | C96: =VLOOKUP(B96,'RISCHIO PESO 3.0'!B:B,1,FALSE()) -> #N/A | D96: =VLOOKUP(B96,'RISCHIO T2D 3.0'!B:B,1,FALSE()) -> #N/A | E96: =VLOOKUP(B96,'RISCHIO CARDIO 3.0'!B:B,1,FALSE()) -> #N/A | F96: =VLOOKUP(B96,'RISCHIO VITA 3.0'!C:C,1,FALSE()) -> #N/A | G96: =VLOOKUP(B96,'RISCHIO SPORT'!B:B,1,FALSE()) -> rs1800012 | H96: =VLOOKUP(B96,'RISCHIO AGING '!B:B,1,FALSE()) -> #N/A | I96: =VLOOKUP(B96,'RISCHIO MAMMA'!B:B,1,FALSE()) -> #N/A | J96: =VLOOKUP(B96,'RIS PLUS3.0'!B:B,1,FALSE()) -> #N/A | Q96: rs1800012
A97: NEDD4L | B97: rs4149601 | C97: =VLOOKUP(B97,'RISCHIO PESO 3.0'!B:B,1,FALSE()) -> #N/A | D97: =VLOOKUP(B97,'RISCHIO T2D 3.0'!B:B,1,FALSE()) -> #N/A | E97: =VLOOKUP(B97,'RISCHIO CARDIO 3.0'!B:B,1,FALSE()) -> #N/A | F97: =VLOOKUP(B97,'RISCHIO VITA 3.0'!C:C,1,FALSE()) -> #N/A | G97: =VLOOKUP(B97,'RISCHIO SPORT'!B:B,1,FALSE()) -> #N/A | H97: =VLOOKUP(B97,'RISCHIO AGING '!B:B,1,FALSE()) -> #N/A | I97: =VLOOKUP(B97,'RISCHIO MAMMA'!B:B,1,FALSE()) -> rs4149601 | J97: =VLOOKUP(B97,'RIS PLUS3.0'!B:B,1,FALSE()) -> #N/A | S97: rs4149601
A98: NEDD4L | B98: rs2288774 | C98: =VLOOKUP(B98,'RISCHIO PESO 3.0'!B:B,1,FALSE()) -> #N/A | D98: =VLOOKUP(B98,'RISCHIO T2D 3.0'!B:B,1,FALSE()) -> #N/A | E98: =VLOOKUP(B98,'RISCHIO CARDIO 3.0'!B:B,1,FALSE()) -> #N/A | F98: =VLOOKUP(B98,'RISCHIO VITA 3.0'!C:C,1,FALSE()) -> #N/A | G98: =VLOOKUP(B98,'RISCHIO SPORT'!B:B,1,FALSE()) -> #N/A | H98: =VLOOKUP(B98,'RISCHIO AGING '!B:B,1,FALSE()) -> #N/A | I98: =VLOOKUP(B98,'RISCHIO MAMMA'!B:B,1,FALSE()) -> rs2288774 | J98: =VLOOKUP(B98,'RIS PLUS3.0'!B:B,1,FALSE()) -> #N/A | S98: rs2288774
A99: MC4R | B99: rs17700144 | C99: =VLOOKUP(B99,'RISCHIO PESO 3.0'!B:B,1,FALSE()) -> rs17700144 | D99: =VLOOKUP(B99,'RISCHIO T2D 3.0'!B:B,1,FALSE()) -> #N/A | E99: =VLOOKUP(B99,'RISCHIO CARDIO 3.0'!B:B,1,FALSE()) -> #N/A | F99: =VLOOKUP(B99,'RISCHIO VITA 3.0'!C:C,1,FALSE()) -> #N/A | G99: =VLOOKUP(B99,'RISCHIO SPORT'!B:B,1,FALSE()) -> #N/A | H99: =VLOOKUP(B99,'RISCHIO AGING '!B:B,1,FALSE()) -> #N/A | I99: =VLOOKUP(B99,'RISCHIO MAMMA'!B:B,1,FALSE()) -> #N/A | J99: =VLOOKUP(B99,'RIS PLUS3.0'!B:B,1,FALSE()) -> #N/A | M99: rs17700144
A100: MC4R | B100: rs17782313 | C100: =VLOOKUP(B100,'RISCHIO PESO 3.0'!B:B,1,FALSE()) -> rs17782313 | D100: =VLOOKUP(B100,'RISCHIO T2D 3.0'!B:B,1,FALSE()) -> #N/A | E100: =VLOOKUP(B100,'RISCHIO CARDIO 3.0'!B:B,1,FALSE()) -> #N/A | F100: =VLOOKUP(B100,'RISCHIO VITA 3.0'!C:C,1,FALSE()) -> #N/A | G100: =VLOOKUP(B100,'RISCHIO SPORT'!B:B,1,FALSE()) -> #N/A | H100: =VLOOKUP(B100,'RISCHIO AGING '!B:B,1,FALSE()) -> #N/A | I100: =VLOOKUP(B100,'RISCHIO MAMMA'!B:B,1,FALSE()) -> #N/A | J100: =VLOOKUP(B100,'RIS PLUS3.0'!B:B,1,FALSE()) -> #N/A | M100: rs17782313
...

Sheet RISCHIO PESO 3.0
A1: GENE | B1: SNP | C1: GEN | D1: CHECK | E1: PESO | F1: NOTE
A2: ADIPOq | B2: rs17300539 | C2: CC | E2: 1 | F2: livelli di adiponectina ridotti
A3: ADIPOq | B3: rs17300539 | C3: CT | E3: 0
A4: ADIPOq | B4: rs17300539 | C4: TT | E4: -1 | F4: livelli di adiponectina aumentati
A5: APOA2 | B5: rs5082 | C5: GG | E5: 2
A6: APOA2 | B6: rs5082 | C6: GA | E6: 1
A7: APOA2 | B7: rs5082 | C7: AA | E7: 0
A8: BDNF | B8: rs6265 | C8: TT | E8: 0 | F8: s6265(A;A) women had a lower body mass
A9: BDNF | B9: rs6265 | C9: TC | E9: 0
A10: BDNF | B10: rs6265 | C10: CC | E10: 1
A11: FABP2 | B11: rs1799883 | C11: TT | E11: 1
A12: FABP2 | B12: rs1799883 | C12: TC | E12: 0
A13: FABP2 | B13: rs1799883 | C13: CC | E13: 0
A14: FTO | B14: rs9939609 | C14: AA | E14: 5
A15: FTO | B15: rs9939609 | C15: AT | E15: 3
A16: FTO | B16: rs9939609 | C16: TT | E16: 0
A17: FTO | B17: rs1421085 | C17: CC | E17: 5
A18: FTO | B18: rs1421085 | C18: CT | E18: 3
A19: FTO | B19: rs1421085 | C19: TT | E19: 0
A20: FTO | B20: rs1121980 | C20: GG | E20: 0 | F20: NEW
A21: FTO | B21: rs1121980 | C21: GA | E21: 3 | F21: NEW
A22: FTO | B22: rs1121980 | C22: AA | E22: 5 | F22: NEW
A23: FTO | B23: rs1558902 | C23: TT | E23: 0 | F23: NEW
A24: FTO | B24: rs1558902 | C24: AT | E24: 1 | F24: NEW
A25: FTO | B25: rs1558902 | C25: AA | E25: 2 | F25: NEW
A26: FTO | B26: rs8050136 | C26: AA | E26: 5 | F26: NEW
A27: FTO | B27: rs8050136 | C27: AC | E27: 3 | F27: NEW
A28: FTO | B28: rs8050136 | C28: CC | E28: 0 | F28: NEW
A29: GNPDA2 | B29: rs10938397 | C29: GG | E29: 1
A30: GNPDA2 | B30: rs10938397 | C30: GA | E30: 0
A31: GNPDA2 | B31: rs10938397 | C31: AA | E31: 0
A32: LEPR | B32: rs11208659 | C32: CC | E32: 1
A33: LEPR | B33: rs11208659 | C33: CT | E33: 0
A34: LEPR | B34: rs11208659 | C34: TT | E34: 0
A35: Leptin | B35: rs7799039 | C35: GA | E35: 0
A36: Leptin | B36: rs7799039 | C36: GG | E36: 0
A37: Leptin | B37: rs7799039 | C37: AA | E37: 1
A38: MC4R | B38: rs17782313 | C38: CC | E38: 2
A39: MC4R | B39: rs17782313 | C39: CT | E39: 1
A40: MC4R | B40: rs17782313 | C40: TT | E40: 0
A41: MC4R | B41: rs17700144 | C41: AA | E41: 3 | F41: NEW
A42: MC4R | B42: rs17700144 | C42: AG | E42: 2 | F42: NEW
A43: MC4R | B43: rs17700144 | C43: GG | E43: 0 | F43: NEW
A44: PPARG | B44: rs1801282 | C44: GG | E44: 2
A45: PPARG | B45: rs1801282 | C45: GC | E45: 1
A46: PPARG | B46: rs1801282 | C46: CC | E46: 0
A47: TMEM18 | B47: rs6548238 | C47: CC | E47: 0
A48: TMEM18 | B48: rs6548238 | C48: CT | E48: 0
A49: TMEM18 | B49: rs6548238 | C49: TT | E49: 1
A56: ALTO | B56: ≥19
A57: MEDIO | B57: 15-18
A58: LIEVE | B58: 9-14
A59: BASSO | B59: 0-8

Sheet RISCHIO T2D 3.0
A1: GENE | B1: SNP | C1: GEN | D1: CHECK | E1: PESO | F1: NOTE
A2: FABP2 | B2: rs1799883 | C2: TT | E2: 2
A3: FABP2 | B3: rs1799883 | C3: TC | E3: 0
A4: FABP2 | B4: rs1799883 | C4: CC | E4: 0
A5: TCFL2 | B5: rs7903146 | C5: TT | E5: 2
A6: TCFL2 | B6: rs7903146 | C6: CT | E6: 1
A7: TCFL2 | B7: rs7903146 | C7: CC | E7: 0
A8: GCK | B8: rs1799884 | C8: TT | E8: 2
A9: GCK | B9: rs1799884 | C9: TC | E9: 1
A10: GCK | B10: rs1799884 | C10: CC | E10: 0
A11: GCKR | B11: rs780094 | C11: TT | E11: 2
A12: GCKR | B12: rs780094 | C12: TC | E12: 0
A13: GCKR | B13: rs780094 | C13: CC | E13: 0
... A16: SLC30A8 | B16: rs13266634 | C16: TT | E16: 0
A17: MTNR1B | B17: rs10830963 | C17: GG | E17: 2 | F17: higher gestational diabetes risk
A18: MTNR1B | B18: rs10830963 | C18: GC | E18: 1 | F18: higher gestational diabetes risk
A19: MTNR1B | B19: rs10830963 | C19: CC | E19: 0 | F19: higher gestational diabetes risk
A20: FTO | B20: rs9939609 | C20: AA | E20: 5
A21: FTO | B21: rs9939609 | C21: AT | E21: 3
A22: FTO | B22: rs9939609 | C22: TT | E22: 0
A23: PPARG | B23: rs1801282 | C23: GG | E23: 2
A24: PPARG | B24: rs1801282 | C24: GC | E24: 1
A25: PPARG | B25: rs1801282 | C25: CC | E25: 0
A26: FTO | B26: rs1421085 | C26: CC | E26: 5
A27: FTO | B27: rs1421085 | C27: CT | E27: 3
A28: FTO | B28: rs1421085 | C28: TT | E28: 0
A29: ADIPOq | B29: rs17300539 | C29: CC | E29: 1 | F29: A allele confered protection from weight regain
A30: ADIPOq | B30: rs17300539 | C30: CT | E30: 0
A31: ADIPOq | B31: rs17300539 | C31: TT | E31: -1
A32: FTO | B32: rs8050136 | C32: AA | E32: 5 | F32: NEW
A33: FTO | B33: rs8050136 | C33: AC | E33: 3 | F33: NEW
A34: FTO | B34: rs8050136 | C34: CC | E34: 0 | F34: NEW
A35: SLC2A2 | B35: rs5400 | C35: TT | E35: 2 | F35: higher sugar consumption
A36: SLC2A3 | B36: rs5401 | C36: CT | E36: 1 | F36: higher sugar consumption
A37: SLC2A4 | B37: rs5402 | C37: CC | E37: 0 | F37: higher sugar consumption
B38: ALTO | C38: >20
B39: MEDIO | C39: 15-19
B40: LIEVE | C40: 7-14
B41: NON EVIDENTE | C41: 0-6

Sheet RISCHIO CARDIO 3.0
A1: GENE | B1: SNP | C1: GEN | D1: CHECK | E1: PESO | F1: NOTE
A2: APOE | B2: rs429358/rs7412 | C2: TT/TT | E2: 2 | F2: LDL tendenzialmente ridotto; possibile aumento dei trigliceridi
A3: APOE | B3: rs429358/rs7412 | C3: TC/TT | E3: 0
A4: APOE | B4: rs429358/rs7412 | C4: CC/TT | E4: 0
A5: APOE | B5: rs429358/rs7412 | C5: TT/TC | E5: 0
A6: APOE | B6: rs429358/rs7412 | C6: TC/TC | E6: 4 | F6: Aumento del colesterolo LDL
A7: APOE | B7: rs429358/rs7412 | C7: CC/TC | E7: 0
A8: APOE | B8: rs429358/rs7412 | C8: TT/CC | E8: 0
A9: APOE | B9: rs429358/rs7412 | C9: TC/CC | E9: 4 | F9: Aumento marcato del colesterolo LDL
A10: APOE | B10: rs429358/rs7412 | C10: CC/CC | E10: 7 | F10: Profilo lipidico fortemente aterogeno (LDL elevato)
A11: MTHFR | B11: rs1801133/rs1801131 | C11: GG/TT | D11: 1 | E11: 0
A12: MTHFR | B12: rs1801133/rs1801131 | C12: GG/TG | D12: 0.83 | E12: 0
A13: MTHFR | B13: rs1801133/rs1801131 | C13: GG/GG | D13: 0.61 | E13: 0
A14: MTHFR | B14: rs1801133/rs1801131 | C14: GA/TT | D14: 0.66 | E14: 1 | F14: CONTROLLO DEI LIVELLI DI OMOCISTEINA | G14: dipende dai folati se bassi si rischio CAD
A15: MTHFR | B15: rs1801133/rs1801131 | C15: GA/TG | D15: 0.48 | E15: 2 | F15: CONTROLLO DEI LIVELLI DI OMOCISTEINA | G15: dipende dai folati se bassi si rischio CAD
A16: MTHFR | B16: rs1801133/rs1801131 | C16: GA/GG | D16: nd | E16: 2 | F16: CONTROLLO DEI LIVELLI DI OMOCISTEINA | G16: dipende dai folati se bassi si rischio CAD
A17: MTHFR | B17: rs1801133/rs1801131 | C17: AA/TT | D17: 0.25 | E17: 3 | F17: CONTROLLO DEI LIVELLI DI OMOCISTEINA | G17: dipende dai folati se bassi si rischio CAD
A18: MTHFR | B18: rs1801133/rs1801131 | C18: AA/TG | D18: nd | E18: 2 | F18: CONTROLLO DEI LIVELLI DI OMOCISTEINA | G18: dipende dai folati se bassi si rischio CAD
A19: MTHFR | B19: rs1801133/rs1801131 | C19: AA/GG | D19: nd | E19: 2 | F19: CONTROLLO DEI LIVELLI DI OMOCISTEINA | G19: dipende dai folati se bassi si rischio CAD
A20: FABP2 | B20: rs1799883 | C20: TT | E20: 1
A21: FABP2 | B21: rs1799883 | C21: TC | E21: 0
A22: FABP2 | B22: rs1799883 | C22: CC | E22: 0
A23: ADIPOq | B23: rs17300539 | C23: CC | E23: 1
A24: ADIPOq | B24: rs17300539 | C24: CT | E24: 0
A25: ADIPOq | B25: rs17300539 | C25: TT | E25: 0
A26: FTO | B26: rs9939609 | C26: AA | E26: 2
A27: FTO | B27: rs9939609 | C27: AT | E27: 1
A28: FTO | B28: rs9939609 | C28: TT | E28: 0
A29: PPARG | B29: rs1801282 | C29: GG | E29: 2
A30: PPARG | B30: rs1801282 | C30: GC | E30: 1
A31: PPARG | B31: rs1801282 | C31: CC | E31: 0
... A34: TCFL2 | B34: rs7903146 | C34: CC | E34: 0
A35: FADS2 | B35: rs174601 | C35: TT | E35: 1 | F35: risk of coronary artery disease and ischemic stroke
A36: FADS2 | B36: rs174601 | C36: TC | E36: 0
A37: FADS2 | B37: rs174601 | C37: CC | E37: 0
A38: FADS1 | B38: rs174546 | C38: TT | E38: 1 | F38: risk of coronary artery disease and ischemic stroke
A39: FADS1 | B39: rs174546 | C39: TC | E39: 0
A40: FADS1 | B40: rs174546 | C40: CC | E40: 0
A41: APOA5 | B41: rs662799 | C41: GG | E41: 2 | F41: higher early heart attack risk; less weight gain on high fat diets
A42: APOA5 | B42: rs662799 | C42: GA | E42: 1 | F42: higher early heart attack risk; less weight gain on high fat diets
A43: APOA5 | B43: rs662799 | C43: AA | E43: 0
A44: GCKR | B44: rs780094 | C44: TT | E44: 2
A45: GCKR | B45: rs780094 | C45: TC | E45: 0
A46: GCKR | B46: rs780094 | C46: CC | E46: 0
A47: MTNR1B | B47: rs10830963 | C47: GG | E47: 2 | F47: higher gestational diabetes risk
A48: MTNR1B | B48: rs10830963 | C48: GC | E48: 1 | F48: higher gestational diabetes risk
A49: MTNR1B | B49: rs10830963 | C49: CC | E49: 0 | F49: higher gestational diabetes risk
A50: ADRB1 | B50: rs1801253 | C50: GG | E50: 1
A51: ADRB1 | B51: rs1801253 | C51: GC | E51: 0
A52: ADRB1 | B52: rs1801253 | C52: CC | E52: 0
A53: FTO | B53: rs1421085 | C53: CC | E53: 5
A54: FTO | B54: rs1421085 | C54: CT | E54: 3
A55: FTO | B55: rs1421085 | C55: TT | E55: 0
A56: CETP | B56: rs3764261 | C56: TT | E56: -3 | F56: associated with higher HDL cholesterol. HDL = good
A57: CETP | B57: rs3764261 | C57: TG | E57: -2 | F57: associated with higher HDL cholesterol. HDL = good
A58: CETP | B58: rs3764261 | C58: GG | E58: 0 | F58: associated with higher HDL cholesterol. HDL = good
A59: CETP | B59: rs708272 | C59: AA | E59: -2 | F59: associated with higher HDL cholesterol. HDL = good | G59: NEW
A60: CETP | B60: rs708272 | C60: AG | E60: -1 | F60: associated with higher HDL cholesterol. HDL = good | G60: NEW
A61: CETP | B61: rs708272 | C61: GG | E61: -1 | F61: associated with higher HDL cholesterol. HDL = good | G61: NEW
A62: PCSK9 | B62: rs11591147 | C62: GG | E62: 0 | F62: lower LDL cholesterol levels | G62: NEW
A63: PCSK9 | B63: rs11591147 | C63: GT | E63: -1 | F63: lower LDL cholesterol levels | G63: NEW
A64: PCSK9 | B64: rs11591147 | C64: TT | E64: -2 | F64: lower LDL cholesterol levels | G64: NEW
A65: LPL | B65: rs328 | C65: CC | E65: 0 | F65: increased risk of cardiovascular disease | G65: NEW
A66: LPL | B66: rs328 | C66: CG | E66: 0 | F66: increased risk of cardiovascular disease | G66: NEW
A67: LPL | B67: rs328 | C67: GG | E67: 1 | F67: increased risk of cardiovascular disease | G67: NEW
A69: NON EVIDENTE: ≤ 9
A70: LIEVE: 10–16
A71: MEDIO: 17–24
A72: ALTO: ≥ 25

Sheet RIS PLUS3.0
A1: GENE | B1: SNP | C1: GEN | D1: PESO | E1: NOTE
A2: CYP1A2 | B2: rs762551 | C2: AA | D2: 1 | E2: Caffeina
A3: CYP1A2 | B3: rs762551 | C3: AC | D3: -1 | E3: Caffeina
A4: CYP1A2 | B4: rs762551 | C4: CC | D4: -1 | E4: Caffeina
A5: ALDOB | B5: rs76917243 | C5: TT | D5: 1 | E5: Fruttosio
A6: ALDOB | B6: rs76917243 | C6: TG | D6: 0 | E6: Fruttosio
A7: ALDOB | B7: rs76917243 | C7: GG | D7: 0 | E7: Fruttosio
A8: ALDOB | B8: rs1800546 | C8: GG | D8: 2 | E8: Fruttosio | F8: NEW
A9: ALDOB | B9: rs1800546 | C9: GC | D9: 1 | E9: Fruttosio | F9: NEW
A10: ALDOB | B10: rs1800546 | C10: CC | D10: 0 | E10: Fruttosio | F10: NEW
A11: LCT (MCM6) | B11: rs4988235 | C11: GG | D11: 1 | E11: Lattosio
A12: LCT (MCM6) | B12: rs4988235 | C12: GA | D12: 0 | E12: Lattosio
A13: LCT (MCM6) | B13: rs4988235 | C13: AA | D13: 0 | E13: Lattosio
A14: ALDH2 | B14: rs671 | C14: AA | D14: 1 | E14: Sens. Alcol
A15: ALDH2 | B15: rs671 | C15: AG | D15: 0 | E15: Sens. Alcol
A16: ALDH2 | B16: rs671 | C16: GG | D16: 0 | E16: Sens. Alcol
A17: NTN4 | B17: rs2367563 | C17: TT | D17: 1 | E17: INT NICHEL
A18: NTN5 | B18: rs2367564 | C18: TC | D18: 0 | E18: INT NICHEL
A19: NTN6 | B19: rs2367565 | C19: CC | D19: 0 | E19: INT NICHEL
A20: New Rules
A21: Sens. Alcol >=2
A22: Intolleranza al fruttosio >=3
A23: Intolleranza al lattosio >=1
A24: Sensibilità al nichel >=1
A25: metabolismo caffeina =1 veloce, 0 lento

Sheet RISCHIO VITA 3.0
A1: Assay ID | B1: GENE | C1: SNP | D1: GEN | E1: PESO | F1: NOTE
A2: C___1085600_10 | B2: HFE | C2: rs1799945/rs1800562 | D2: GG/AA | E2: 1 | F2: Emocromatosi
B3: HFE | C3: rs1799945/rs1800562 | D3: GG/AG | E3: 1 | F3: lieve alterazione dei livelli di ferro
B4: HFE | C4: rs1799945/rs1800562 | D4: GG/GG | E4: 1 | F4: lieve alterazione dei livelli di ferro
B5: HFE | C5: rs1799945/rs1800562 | D5: GC/AA | E5: 1 | F5: Emocromatosi
B6: HFE | C6: rs1799945/rs1800562 | D6: GC/AG | E6: 1 | F6: Emocromatosi
B7: HFE | C7: rs1799945/rs1800562 | D7: GC/GG | E7: 0 | F7: Emocromatosi
B8: HFE | C8: rs1799945/rs1800562 | D8: CC/AA | E8: 1 | F8: Emocromatosi
B9: HFE | C9: rs1799945/rs1800562 | D9: CC/AG | E9: 0 | F9: Emocromatosi
B10: HFE | C10: rs1799945/rs1800562 | D10: CC/GG | E10: 0 | F10: Emocromatosi
A11: C___3289902_10 | B11: TMPRSS6 | C11: rs855791 | D11: AA | E11: 1 | F11: Ferro Basso
B12: TMPRSS6 | C12: rs855791 | D12: AG | E12: 0 | F12: Ferro Basso
B13: TMPRSS6 | C13: rs855791 | D13: GG | E13: 0 | F13: Ferro Basso
A14: C__11885329_10 | B14: TMPRSS6 | C14: rs4820268 | D14: GG | E14: 0 | F14: Ferro Basso
B15: TMPRSS6 | C15: rs4820268 | D15: GA | E15: 0 | F15: Ferro Basso
B16: TMPRSS6 | C16: rs4820268 | D16: AA | E16: 1 | F16: Ferro Basso
B17: MTHFR | C17: rs1801133/rs1801131 | D17: GG/TT | E17: 0 | F17: Low Vitamin B9
B18: MTHFR | C18: rs1801133/rs1801131 | D18: GG/TG | E18: 0 | F18: Low Vitamin B9
B19: MTHFR | C19: rs1801133/rs1801131 | D19: GG/GG | E19: 0 | F19: Low Vitamin B9
B20: MTHFR | C20: rs1801133/rs1801131 | D20: GA/TT | E20: 1 | F20: Low Vitamin B9
B21: MTHFR | C21: rs1801133/rs1801131 | D21: GA/TG | E21: 2 | F21: Low Vitamin B9
B22: MTHFR | C22: rs1801133/rs1801131 | D22: GA/GG | E22: 2 | F22: Low Vitamin B9
B23: MTHFR | C23: rs1801133/rs1801131 | D23: AA/TT | E23: 3 | F23: Low Vitamin B9
B24: MTHFR | C24: rs1801133/rs1801131 | D24: AA/TG | E24: 2 | F24: Low Vitamin B9
B25: MTHFR | C25: rs1801133/rs1801131 | D25: AA/GG | E25: 2 | F25: Low Vitamin B9
B26: GC | C26: rs1155563 | D26: CC | E26: 1 | F26: Low Vitamin D
... B37: GC | C37: rs4588/rs7041 | D37: CC/CC | E37: 0 | F37: Low Vitamin D
A38: CYP2R1 | B38: CYP2R1 | C38: rs10741657 | D38: AA | E38: -1 | F38: Low Vitamin D
B39: CYP2R1 | C39: rs10741657 | D39: AG | E39: 0 | F39: Low Vitamin D
B40: CYP2R1 | C40: rs10741657 | D40: GG | E40: 1 | F40: Low Vitamin D
B41: FUT2 | C41: rs602662 | D41: GG | E41: 1 | F41: Low Vitamin B12
B42: FUT2 | C42: rs602662 | D42: GA | E42: 0 | F42: Low Vitamin B12
B43: FUT2 | C43: rs602662 | D43: AA | E43: -1 | F43: Low Vitamin B12
B44: MTHFD1 | C44: rs2236225 | D44: CC | E44: 0 | F44: Low Vitamin B9
B45: MTHFD1 | C45: rs2236225 | D45: CT | E45: 1 | F45: Low Vitamin B9
B46: MTHFD1 | C46: rs2236225 | D46: TT | E46: 2 | F46: Low Vitamin B9
B47: BCMO1 | C47: rs7501331 | D47: CC | E47: 0 | F47: Low Vitamin A
B48: BCMO1 | C48: rs7501331 | D48: CT | E48: 1 | F48: Low Vitamin A
B49: BCMO1 | C49: rs7501331 | D49: TT | E49: 1 | F49: Low Vitamin A
B50: BCMO1 | C50: rs12934922 | D50: AA | E50: 0 | F50: Low Vitamin A
... B52: BCMO1 | C52: rs12934922 | D52: TT | E52: 1 | F52: Low Vitamin A
B53: lieve alterazione dei livelli di ferro >=1 | C53: emocromatosi >= 1
B54: LOW VITAMIN B9 >=2 | C54: CONTROLLARE ACIDO FOLICO
B55: Vitamin D >= 2 | C55: CONTROLLARE BASSA VIT D
B56: Vitamin B12 & LOW VITAMIN B9 >=3 | C56: CONTROLLARE BASSA VIT B12
B57: Vitamin A>=2 | C57: CONTROLLARE BASSA VIT A

Sheet RISCHIO SPORT
A1: GENE | B1: SNP | C1: GEN | D1: CHECK | E1: PESO | F1: NOTE
A2: COL1A1 | B2: rs1800012 | C2: AA | E2: 1 | F2: Osteoartrosi e fratture
A3: COL1A1 | B3: rs1800012 | C3: CC | E3: 0 | F3: Osteoartrosi e fratture
A4: COL1A1 | B4: rs1800012 | C4: AC | E4: 0 | F4: Osteoartrosi e fratture
A5: COL5A1 | B5: rs12722 | C5: TT | E5: 4 | F5: Crampi-Debolezza Tendinea
A6: COL5A1 | B6: rs12722 | C6: TC | E6: 2 | F6: Crampi-Debolezza Tendinea
A7: COL5A1 | B7: rs12722 | C7: CC | E7: 0 | F7: Crampi-Debolezza Tendinea
A8: COL27A1/TNC | B8: rs946053/rs13321/rs2104772 | C8: GG/CC/AA | E8: 3 | F8: Tendinopatie
A9: COL27A1/TNC | B9: rs946053/rs13321/rs2104772 | C9: GG/CC/AT | E9: 3 | F9: Tendinopatie
A10: COL27A1/TNC | B10: rs946053/rs13321/rs2104772 | C10: GG/CC/TT | E10: -1 | F10: Tendinopatie
A11: COL27A1/TNC | B11: rs946053/rs13321/rs2104772 | C11: GG/CG/AA | E11: 3 | F11: Tendinopatie
A12: COL27A1/TNC | B12: rs946053/rs13321/rs2104772 | C12: GG/CG/AT | E12: 3 | F12: Tendinopatie
A13: COL27A1/TNC | B13: rs946053/rs13321/rs2104772 | C13: GG/CG/TT | E13: 0 | F13: Tendinopatie
A14: COL27A1/TNC | B14: rs946053/rs13321/rs2104772 | C14: GG/GG/AA | E14: 0 | F14: Tendinopatie
A15: COL27A1/TNC | B15: rs946053/rs13321/rs2104772 | C15: GG/GG/AT | E15: 0 | F15: Tendinopatie
A16: COL27A1/TNC | B16: rs946053/rs13321/rs2104772 | C16: GG/GG/TT | E16: 0 | F16: Tendinopatie
A17: COL27A1/TNC | B17: rs946053/rs13321/rs2104772 | C17: GT/CC/AA | E17: 3 | F17: Tendinopatie
A18: COL27A1/TNC | B18: rs946053/rs13321/rs2104772 | C18: GT/CC/AT | E18: 3 | F18: Tendinopatie
A19: COL27A1/TNC | B19: rs946053/rs13321/rs2104772 | C19: GT/CC/TT | E19: -1 | F19: Tendinopatie
A20: COL27A1/TNC | B20: rs946053/rs13321/rs2104772 | C20: GT/CG/AA | E20: 0 | F20: Tendinopatie
A21: COL27A1/TNC | B21: rs946053/rs13321/rs2104772 | C21: GT/CG/AT | E21: 0 | F21: Tendinopatie
A22: COL27A1/TNC | B22: rs946053/rs13321/rs2104772 | C22: GT/CG/TT | E22: 0 | F22: Tendinopatie
A23: COL27A1/TNC | B23: rs946053/rs13321/rs2104772 | C23: GT/GG/AA | E23: 0 | F23: Tendinopatie
A24: COL27A1/TNC | B24: rs946053/rs13321/rs2104772 | C24: GT/GG/AT | E24: 0 | F24: Tendinopatie
A25: COL27A1/TNC | B25: rs946053/rs13321/rs2104772 | C25: GT/GG/TT | E25: 0 | F25: Tendinopatie
A26: COL27A1/TNC | B26: rs946053/rs13321/rs2104772 | C26: TT/CC/AA | E26: 0 | F26: Tendinopatie
A27: COL27A1/TNC | B27: rs946053/rs13321/rs2104772 | C27: TT/CC/AT | E27: 0 | F27: Tendinopatie
A28: COL27A1/TNC | B28: rs946053/rs13321/rs2104772 | C28: TT/CC/TT | E28: 0 | F28: Tendinopatie
... A34: COL27A1/TNC | B34: rs946053/rs13321/rs2104772 | C34: TT/GG/TT | E34: 0 | F34: Tendinopatie
A35: TNC | B35: rs1330363 | C35: CC | E35: 2 | F35: Tendinopatie
A36: TNC | B36: rs1330363 | C36: TC | E36: 1 | F36: Tendinopatie
A37: TNC | B37: rs1330363 | C37: TT | E37: 0 | F37: Tendinopatie
A38: MMP3 | B38: rs591058 | C38: TT | E38: 0 | F38: Tendinopatie
A39: MMP3 | B39: rs591058 | C39: CC | E39: 2 | F39: Tendinopatie
A40: MMP3 | B40: rs591058 | C40: CT | E40: 1 | F40: Tendinopatie
A41: MMP3 | B41: rs679620 | C41: TT | E41: 0 | F41: Tendinopatie
A42: MMP3 | B42: rs679620 | C42: CC | E42: 2 | F42: Tendinopatie
A43: MMP3 | B43: rs679620 | C43: TC | E43: 1 | F43: Tendinopatie
A44: COL12A1 | B44: rs970547 | C44: TT | E44: 2 | F44: Tendinopatie
A45: COL12A1 | B45: rs970547 | C45: TC | E45: 1 | F45: Tendinopatie
A46: COL12A1 | B46: rs970547 | C46: CC | E46: 0 | F46: Tendinopatie
... A67: ACTN3 | B67: rs1815739 | C67: CC | E67: 1 | F67: Sport Resistenza-Potenza
A70: Predispone alle tendinopatie croniche (Tendine d'Achille) > = 8
A71: danno muscolare>=2
A72: predispone ad una maggiore suscettibilità ai crampi muscolari oltre che a predisporre ad una maggiore debolezza tendinea>=2
A73: fattore di rischio per osteoartrosi e fratture ossee>=2
A74: predispozione agli sport di potenza>= 2
A75: predisposizione per sport e performance di resistenza >= -1 | B75: >=1 potenza, 1 o -1 resistenza, 0 misto

Sheet RISCHIO AGING 
A1: GENE | B1: SNP | C1: GEN | D1: CHECK | E1: PESO | F1: NOTE
A2: CRP | B2: rs1205 | C2: CC | E2: 1 | F2: Rischio Cardio
A3: CRP | B3: rs1205 | C3: CT | E3: 0 | F3: Rischio Cardio
A4: CRP | B4: rs1205 | C4: TT | E4: 0 | F4: Rischio Cardio
A5: SOD3 | B5: rs2536512 | C5: AA | E5: 1 | F5: Calo att. antiossidante
A6: SOD3 | B6: rs2536512 | C6: AG | E6: 0 | F6: Calo att. antiossidante
A7: SOD3 | B7: rs2536512 | C7: GG | E7: 0 | F7: Calo att. antiossidante
A8: IL1B | B8: rs16944 | C8: AA | E8: 0 | F8: Funzioni cognitive
A9: IL1B | B9: rs16944 | C9: AG | E9: 0 | F9: Funzioni cognitive
A10: IL1B | B10: rs16944 | C10: GG | E10: 1 | F10: Funzioni cognitive
A11: NQO1 | B11: rs1800566 | C11: AA | E11: 1 | F11: Calo att. antiossidante
A12: NQO1 | B12: rs1800566 | C12: AG | E12: 0 | F12: Calo att. antiossidante
A13: NQO1 | B13: rs1800566 | C13: GG | E13: 0 | F13: Calo att. antiossidante
... A49: SOD3 | B49: rs699473 | C49: TT | E49: 0 | F49: Rischio Cardio+Calo att. antiossidante
A51: rischio malattie cardiovascoalri =ATTENZIONE QUESTI GENI SONO DA CONSIDERARE INSIEME AGLI ALTRI DELLE PATOLOGIE CARDIOVASCOLARI
A52: rischio di sviluppare forme lievi di diabete e ipercolesterolemia=ATTENZIONE QUESTI GENI SONO DA CONSIDERARE INSIEME AGLI ALTRI DEL DIABETE
A53: calo attività antiossidante>=2
A54: ridotte funzioni cognitive>=2
A55: Elast. Pelle>=1
A56: Idrat. Pelle>=1

Sheet RISCHIO MAMMA
A1: GENE | B1: SNP | C1: GEN | D1: CHECK | E1: PESO | F1: NOTE
A2: AGT | B2: rs11568020 | C2: TT | E2: 1 | F2: Sodium
A3: AGT | B3: rs11568020 | C3: TC | E3: 0 | F3: Sodium
A4: AGT | B4: rs11568020 | C4: CC | E4: 0 | F4: Sodium
A5: AGT | B5: rs5050 | C5: GG | E5: 1 | F5: Sodium
A6: AGT | B6: rs5050 | C6: GT | E6: 0 | F6: Sodium
A7: AGT | B7: rs5050 | C7: TT | E7: 0 | F7: Sodium
A8: CLCNKA | B8: rs848307 1a | C8: GG | E8: 1 | F8: Sodium
A9: CLCNKA | B9: rs848307 1a | C9: GA | E9: 0 | F9: Sodium
A10: CLCNKA | B10: rs848307 1a | C10: AA | E10: 0 | F10: Sodium
A11: CLCNKA | B11: rs1739843 3a | C11: CC | E11: 1 | F11: Sodium
A12: CLCNKA | B12: rs1739843 3a | C12: CT | E12: 0 | F12: Sodium
A13: CLCNKA | B13: rs1739843 3a | C13: TT | E13: 0 | F13: Sodium
... A55: WNK1 | B55: rs880054 | C55: GG | E55: 1 | F55: Potassio basso
A59: Sodium>6 | B59: PREDISPOSIZIONE GENETICA AD ELEVATI LIVELLI DI SODIO E CONSEGUENTE IPERTENSIONE
A60: Zinc>2 | B60: PREDISPOSIZIONE GENETICA A RIDOTTI LIVELLI DI ZINCO
A61: LOW VITAMIN B9 >=4 | B61: CONTROLLARE ACIDO FOLICO
A62: Vitamin D >= 3 | B62: CONTROLLARE VIT D
A63: Vitamin B6 >= 2
A64: Vitamin B12 & LOW VITAMIN B9 >=4 | B64: CONTROLLARE VIT B12
A65: Potassio >=1 | B65: CONTROLLARE LIVELLI DI POTASSIO
